,gameid,ref,att
0,201910220LAC,"['Kane Fitzgerald', 'Mark Lindsay', 'Dedric Taylor']",19068
1,201910220TOR,"['Tony Brown', 'Eric Dalen', 'Josh Tiven']",20787
2,201910230BRK,"['Pat Fraher', 'Derek Richardson', 'Kevin Scott']",17732
3,201910230CHO,"['Rodney Mott', 'Gediminas Petraitis', 'Leroy Richardson']",15424
4,201910230DAL,"['Nick Buchert', 'Ken Mauer', 'Jonathan Sterling']",19816
5,201910230IND,"['Marc Davis', 'Brett Nansel', 'Ben Taylor']",17923
6,201910230MIA,"['John Goble', 'Simone Jelks', 'Karl Lane']",19600
7,201910230ORL,"['Brent Barnaky', 'Eric Lewis', 'Haywoode Workman']",18846
8,201910230PHI,"['Sean Corbin', 'Marat Kogut', 'Sean Wright']",20422
9,201910230PHO,"['John Butler', 'Bill Spooner', 'James Williams']",18055
10,201910230POR,"['Ray Acosta', 'Kevin Cutler', 'Scott Foster']",19991
11,201910230SAS,"['David Guthrie', 'Jenna Schroeder', 'Scott Twardoski']",18354
12,201910230UTA,"['Kane Fitzgerald', 'Tre Maddox', 'Dedric Taylor']",18306
13,201910240DET,"['Tony Brothers', 'Mitchell Ervin', 'Aaron Smith']",20338
14,201910240GSW,"['Ray Acosta', 'Brian Forte', 'Scott Foster']",18064
15,201910240HOU,"['Matt Boland', 'Tyler Ford', 'Tom Washington']",18055
16,201910250BOS,"['Ed Malloy', 'Derek Richardson', 'Michael Smith']",18624
17,201910250BRK,"['Courtney Kirkland', 'Rodney Mott', 'Evan Scott']",17732
18,201910250CHO,"['Brandon Adair', 'Eric Dalen', 'Ken Mauer']",14879
19,201910250DEN,"['Kane Fitzgerald', 'Scott Twardoski', 'Justin Van Duyne']",19557
20,201910250LAL,"['Kevin Cutler', 'David Guthrie', 'Leon Wood']",18997
21,201910250MEM,"['James Capers Jr.', 'Nate Green', 'J.T. Orr']",17794
22,201910250NOP,"['Scott Wall', 'James Williams', 'Zach Zarba']",17027
23,201910250OKC,"['Pat Fraher', 'Mark Lindsay', 'Brett Nansel']",18203
24,201910250SAC,"['Mark Ayotte', 'Mousa Dagher', 'Josh Tiven']",17583
25,201910260ATL,"['Gediminas Petraitis', 'Leroy Richardson', 'Tom Washington']",17078
26,201910260CHI,"['Marc Davis', 'Karl Lane', 'Brett Nansel']",21498
27,201910260CLE,"['Mitchell Ervin', 'C.J. Washington', 'Sean Wright']",19432
28,201910260DET,"['Nick Buchert', 'Jason Goldenberg', 'Kevin Scott']",16207
29,201910260HOU,"['John Goble', 'Ben Taylor', 'Dedric Taylor']",18055
30,201910260MIL,"['Sean Corbin', 'Aaron Smith', 'Jonathan Sterling']",17467
31,201910260NYK,"['Derrick Collins', 'Eric Lewis', 'Natalie Sago']",19812
32,201910260PHO,"['Jacyn Goble', 'David Guthrie', 'Tre Maddox']",15802
33,201910260SAS,"['Ray Acosta', 'Tony Brown', 'Marat Kogut']",18354
34,201910260UTA,"['Brian Forte', 'Scott Foster', 'Justin Van Duyne']",18306
35,201910270DAL,"['Brent Barnaky', 'Courtney Kirkland', 'Derek Richardson']",19707
36,201910270LAL,"['Curtis Blair', 'Jacyn Goble', 'Josh Tiven']",18997
37,201910270MEM,"['Brandon Adair', 'Mark Lindsay', 'Ken Mauer']",15517
38,201910270MIN,"['James Capers Jr.', 'Ashley Moyer-Gleich', 'J.T. Orr']",17049
39,201910270OKC,"['James Williams', 'Haywoode Workman', 'Zach Zarba']",18203
40,201910280ATL,"['Rodney Mott', 'Evan Scott', 'Scott Wall']",14094
41,201910280DET,"['John Conley', 'Karl Lane', 'Ed Malloy']",13565
42,201910280HOU,"['Brian Forte', 'Natalie Sago', 'Sean Wright']",18055
43,201910280LAC,"['Nick Buchert', 'John Goble', 'Leon Wood']",19068
44,201910280MIL,"['Scott Foster', 'Marat Kogut', 'Justin Van Duyne']",17385
45,201910280NOP,"['Pat Fraher', 'Gediminas Petraitis', 'Phenizee Ransom']",17307
46,201910280NYK,"['Mitchell Ervin', 'Matt Myers', 'Kevin Scott']",19812
47,201910280PHO,"['Tony Brown', 'Mousa Dagher', 'Ben Taylor']",14805
48,201910280SAC,"['Curtis Blair', 'David Guthrie', 'Jonathan Sterling']",15870
49,201910280SAS,"['Leroy Richardson', 'James Williams', 'Zach Zarba']",18083
50,201910280TOR,"['Derrick Collins', 'Sean Corbin', 'Nate Green']",19800
51,201910290DEN,"['Tre Maddox', 'J.T. Orr', 'Josh Tiven']",16605
52,201910290LAL,"['Brent Barnaky', 'Jonathan Sterling', 'Tom Washington']",18997
53,201910290MIA,"['Ray Acosta', 'Kevin Cutler', 'Pat Fraher']",19600
54,201910300BOS,"['Marc Davis', 'Tyler Ford', 'Dedric Taylor']",18624
55,201910300BRK,"['Nate Green', 'Michael Smith', 'Bill Spooner']",17083
56,201910300CLE,"['Derrick Collins', 'Rodney Mott', 'Phenizee Ransom']",17595
57,201910300GSW,"['Curtis Blair', 'Nick Buchert', 'John Goble']",18064
58,201910300OKC,"['Tony Brown', 'J.B. DeRosa', 'Scott Wall']",18203
59,201910300ORL,"['Tony Brothers', 'Kevin Cutler', 'Jacyn Goble']",17456
60,201910300PHI,"['Mark Ayotte', 'Mitchell Ervin', 'Scott Twardoski']",20204
61,201910300SAC,"['Eric Lewis', 'Aaron Smith', 'Ben Taylor']",15416
62,201910300TOR,"['Brandon Adair', 'Kane Fitzgerald', 'Marat Kogut']",19800
63,201910300UTA,"['Brent Barnaky', 'Derek Richardson', 'Josh Tiven']",18306
64,201910300WAS,"['James Capers Jr.', 'Jason Goldenberg', 'Kevin Scott']",20476
65,201910310ATL,"['Tony Brothers', 'Eric Dalen', 'Karl Lane']",16539
66,201910310LAC,"['Jonathan Sterling', 'Ben Taylor', 'Tom Washington']",19068
67,201910310NOP,"['Matt Boland', 'Courtney Kirkland', 'Ken Mauer']",16613
68,201911010BOS,"['Kane Fitzgerald', 'Leroy Richardson', 'James Williams']",18624
69,201911010BRK,"['Kevin Cutler', 'Marat Kogut', 'Ed Malloy']",17732
70,201911010CHI,"['Pat Fraher', 'Evan Scott', 'Dedric Taylor']",20671
71,201911010DAL,"['Mark Lindsay', 'Leon Wood', 'Sean Wright']",20358
72,201911010GSW,"['Brent Barnaky', 'Eric Lewis', 'Aaron Smith']",18064
73,201911010IND,"['Sean Corbin', 'Mitchell Ervin', 'Matt Myers']",16079
74,201911010ORL,"['Mark Ayotte', 'J.B. DeRosa', 'Michael Smith']",15105
75,201911010SAC,"['Nick Buchert', 'John Goble', 'J.T. Orr']",16273
76,201911020DET,"['Ray Acosta', 'Haywoode Workman', 'Zach Zarba']",17222
77,201911020GSW,"['John Butler', 'Courtney Kirkland', 'Tom Washington']",18064
78,201911020MEM,"['Tony Brothers', 'Natalie Sago', 'Scott Wall']",14144
79,201911020MIL,"['Curtis Blair', 'James Capers Jr.', 'Jacyn Goble']",17637
80,201911020OKC,"['Derrick Collins', 'David Guthrie', 'Andy Nagy']",18203
81,201911020ORL,"['Brandon Adair', 'Eric Dalen', 'Brian Forte']",17025
82,201911020POR,"['Mousa Dagher', 'John Goble', 'Tre Maddox']",19669
83,201911020WAS,"['Matt Boland', 'Ed Malloy', 'Jenna Schroeder']",15150
84,201911030CLE,"['Suyash Mehta', 'Michael Smith', 'Bill Spooner']",18078
85,201911030IND,"['Scott Twardoski', 'Leon Wood', 'Sean Wright']",17073
86,201911030LAC,"['Eric Lewis', 'Rodney Mott', 'Aaron Smith']",19068
87,201911030MIA,"['Sean Corbin', 'Jonathan Sterling', 'Dedric Taylor']",19724
88,201911030NYK,"['Marc Davis', 'Gediminas Petraitis', 'C.J. Washington']",19812
89,201911030SAS,"['Mark Ayotte', 'Scott Foster', 'Justin Van Duyne']",18610
90,201911040BRK,"['Tyler Ford', 'Jenna Schroeder', 'Sean Wright']",17194
91,201911040GSW,"['Derrick Collins', 'Ken Mauer', 'Derek Richardson']",18064
92,201911040MEM,"['Brian Forte', 'Jacyn Goble', 'James Williams']",14197
93,201911040MIN,"['Kane Fitzgerald', 'Brett Nansel', 'Scott Wall']",16271
94,201911040PHO,"['Courtney Kirkland', 'J.T. Orr', 'Tom Washington']",14285
95,201911040WAS,"['Tony Brown', 'Mark Lindsay', 'Natalie Sago']",13052
96,201911050ATL,"['Curtis Blair', 'Pat Fraher', 'C.J. Washington']",14025
97,201911050CHI,"['Kevin Cutler', 'John Goble', 'Suyash Mehta']",21193
98,201911050CHO,"['Scott Foster', 'Mark Lindsay', 'Justin Van Duyne']",13341
99,201911050CLE,"['Nick Buchert', 'Simone Jelks', 'Ed Malloy']",17709
100,201911050DEN,"['James Capers Jr.', 'Marat Kogut', 'Tre Maddox']",18010
101,201911050OKC,"['Kevin Scott', 'Scott Twardoski', 'Leon Wood']",18203
102,201911060ATL,"['David Guthrie', 'Aaron Smith', 'Justin Van Duyne']",15049
103,201911060DAL,"['Tyler Ford', 'Jacyn Goble', 'Rodney Mott']",19487
104,201911060DET,"['Brent Barnaky', 'Ashley Moyer-Gleich', 'Ben Taylor']",15463
105,201911060HOU,"['Eric Dalen', 'Marc Davis', 'Karl Lane']",18055
106,201911060IND,"['Nick Buchert', 'Kane Fitzgerald', 'Andy Nagy']",16171
107,201911060LAC,"['Mitchell Ervin', 'Courtney Kirkland', 'Zach Zarba']",19068
108,201911060MEM,"['Ray Acosta', 'Eric Lewis', 'Phenizee Ransom']",13503
109,201911060TOR,"['John Conley', 'Michael Smith', 'Josh Tiven']",19800
110,201911060UTA,"['Derrick Collins', 'Jason Goldenberg', 'Ken Mauer']",18306
111,201911070CHO,"['Matt Boland', 'Pat Fraher', 'Leon Wood']",18487
112,201911070LAC,"['James Capers Jr.', 'Marat Kogut', 'Gediminas Petraitis']",19068
113,201911070PHO,"['Mark Ayotte', 'Derrick Collins', 'Jason Goldenberg']",15498
114,201911070SAS,"['Eric Dalen', 'Marc Davis', 'Haywoode Workman']",18354
115,201911080ATL,"['Mousa Dagher', 'J.T. Orr', 'Kevin Scott']",16447
116,201911080DAL,"['Curtis Blair', 'David Guthrie', 'Simone Jelks']",20257
117,201911080DEN,"['Brandon Adair', 'Ed Malloy', 'Scott Wall']",19520
118,201911080IND,"['Tyler Ford', 'Jenna Schroeder', 'Tom Washington']",15544
119,201911080LAL,"['J.B. DeRosa', 'Courtney Kirkland', 'Ken Mauer']",18997
120,201911080MIN,"['Tony Brothers', 'John Butler', 'Tre Maddox']",15647
121,201911080NOP,"['Brian Forte', 'Nate Green', 'Rodney Mott']",16337
122,201911080ORL,"['Sean Corbin', 'Karl Lane', 'Justin Van Duyne']",17021
123,201911080POR,"['Mitchell Ervin', 'Scott Twardoski', 'Zach Zarba']",20089
124,201911080UTA,"['Mark Ayotte', 'Leroy Richardson', 'James Williams']",18306
125,201911080WAS,"['Ben Taylor', 'Dedric Taylor', 'Josh Tiven']",16946
126,201911090CHI,"['Brent Barnaky', 'John Butler', 'Eric Lewis']",20482
127,201911090CHO,"['Tony Brown', 'Evan Scott', 'Michael Smith']",18513
128,201911090MEM,"['John Goble', 'Ben Taylor', 'C.J. Washington']",15753
129,201911090OKC,"['Curtis Blair', 'James Capers Jr.', 'Marat Kogut']",18203
130,201911090SAS,"['Kevin Cutler', 'Jacyn Goble', 'Sean Wright']",18354
131,201911100LAL,"['Leroy Richardson', 'James Williams', 'Zach Zarba']",18997
132,201911100MIN,"['Nick Buchert', 'Mitchell Ervin', 'Rodney Mott']",13553
133,201911100NYK,"['Kane Fitzgerald', 'Tre Maddox', 'Brett Nansel']",19812
134,201911100OKC,"['Brandon Adair', 'Brian Forte', 'Tom Washington']",18203
135,201911100ORL,"['Ray Acosta', 'Derrick Collins', 'Josh Tiven']",17118
136,201911100PHI,"['Marc Davis', 'J.T. Orr', 'Haywoode Workman']",20311
137,201911100PHO,"['J.B. DeRosa', 'Ken Mauer', 'Gediminas Petraitis']",17290
138,201911100POR,"['Matt Boland', 'Ed Malloy', 'Scott Wall']",20041
139,201911110BOS,"['Eric Lewis', 'Mark Lindsay', 'Jenna Schroeder']",18624
140,201911110DET,"['Tony Brown', 'Eric Dalen', 'Aaron Smith']",12526
141,201911110GSW,"['J.B. DeRosa', 'Gediminas Petraitis', 'Sean Wright']",18064
142,201911110LAC,"['Matt Boland', 'Tyler Ford', 'Ed Malloy']",19068
143,201911110NOP,"['Kevin Cutler', 'John Goble', 'C.J. Washington']",16695
144,201911110SAS,"['Matt Myers', 'Kevin Scott', 'Michael Smith']",18627
145,201911120CHI,"['James Capers Jr.', 'Nate Green', 'J.T. Orr']",18668
146,201911120DEN,"['Leroy Richardson', 'James Williams', 'Zach Zarba']",18327
147,201911120IND,"['Courtney Kirkland', 'Aaron Smith', 'Jonathan Sterling']",15838
148,201911120MIA,"['Nick Buchert', 'Brian Forte', 'Jacyn Goble']",19600
149,201911120PHI,"['Derrick Collins', 'Sean Corbin', 'Mousa Dagher']",20294
150,201911120PHO,"['Scott Foster', 'Justin Van Duyne', 'Scott Wall']",18055
151,201911120SAC,"['Kane Fitzgerald', 'Karl Lane', 'Leon Wood']",16358
152,201911120UTA,"['Tyler Ford', 'David Guthrie', 'Natalie Sago']",18306
153,201911130BOS,"['Brent Barnaky', 'Mitchell Ervin', 'Tre Maddox']",19156
154,201911130CHO,"['Curtis Blair', 'Jason Goldenberg', 'Eric Lewis']",13155
155,201911130HOU,"['Tony Brothers', 'Tony Brown', 'Derek Richardson']",18055
156,201911130LAL,"['Matt Boland', 'Karl Lane', 'Ed Malloy']",18997
157,201911130MIN,"['Mark Lindsay', 'Phenizee Ransom', 'Ben Taylor']",11581
158,201911130ORL,"['Nick Buchert', 'Kevin Scott', 'Dedric Taylor']",15113
159,201911130POR,"['J.B. DeRosa', 'Gediminas Petraitis', 'Sean Wright']",19544
160,201911140CLE,"['Eric Dalen', 'Phenizee Ransom', 'Josh Tiven']",17374
161,201911140DEN,"['Mark Ayotte', 'Scott Foster', 'Jonathan Sterling']",18394
162,201911140MIL,"['Sean Corbin', 'Evan Scott', 'Ben Taylor']",17627
163,201911140NOP,"['Curtis Blair', 'Pat Fraher', 'Ashley Moyer-Gleich']",17147
164,201911140NYK,"['Ray Acosta', 'Derrick Collins', 'Tom Washington']",19812
165,201911140PHO,"['Kane Fitzgerald', 'Tyler Ford', 'Natalie Sago']",15143
166,201911150CHO,"['Tre Maddox', 'Matt Myers', 'Kevin Scott']",16778
167,201911150GSW,"['David Guthrie', 'J.T. Orr', 'Michael Smith']",18064
168,201911150HOU,"['Nick Buchert', 'Ken Mauer', 'Leon Wood']",18055
169,201911150LAL,"['Rodney Mott', 'Natalie Sago', 'Sean Wright']",18997
170,201911150MEM,"['Matt Boland', 'James Capers Jr.', 'Mark Lindsay']",16422
171,201911150MIN,"['Marc Davis', 'Dedric Taylor', 'Haywoode Workman']",12716
172,201911150OKC,"['Tony Brothers', 'Karl Lane', 'Derek Richardson']",18203
173,201911150ORL,"['Tony Brown', 'Marat Kogut', 'Aaron Smith']",16296
174,201911160CHI,"['Curtis Blair', 'John Goble', 'C.J. Washington']",19148
175,201911160DAL,"['Kevin Cutler', 'Evan Scott', 'Josh Tiven']",19926
176,201911160IND,"['Ed Malloy', 'Phenizee Ransom', 'Scott Wall']",17024
177,201911160LAC,"['Brian Forte', 'Scott Foster', 'Justin Van Duyne']",19068
178,201911160MIA,"['Brent Barnaky', 'Leroy Richardson', 'Zach Zarba']",19600
179,201911160MIN,"['Ray Acosta', 'Jonathan Sterling', 'James Williams']",18978
180,201911160NYK,"['Brandon Adair', 'Sean Corbin', 'Mitchell Ervin']",19401
181,201911160SAS,"['Tony Brothers', 'Eric Dalen', 'Jason Goldenberg']",18534
182,201911170CLE,"['Tyler Ford', 'Eric Lewis', 'Andy Nagy']",19432
183,201911170LAL,"['David Guthrie', 'Ashley Moyer-Gleich', 'Michael Smith']",18997
184,201911170MEM,"['Pat Fraher', 'Matt Myers', 'Dedric Taylor']",14227
185,201911170NOP,"['Mark Lindsay', 'Ken Mauer', 'Leon Wood']",16812
186,201911170ORL,"['James Capers Jr.', 'Suyash Mehta', 'Ben Taylor']",16344
187,201911170SAC,"['Mark Ayotte', 'Jacyn Goble', 'Scott Twardoski']",16633
188,201911180BRK,"['John Butler', 'Eric Lewis', 'Gediminas Petraitis']",14140
189,201911180CHI,"['Pat Fraher', 'Jason Goldenberg', 'Karl Lane']",17565
190,201911180DAL,"['Brent Barnaky', 'Kane Fitzgerald', 'Leroy Richardson']",19637
191,201911180HOU,"['Mark Lindsay', 'Jenna Schroeder', 'Tom Washington']",18055
192,201911180LAC,"['Jacyn Goble', 'Josh Tiven', 'Scott Twardoski']",19068
193,201911180NYK,"['John Goble', 'C.J. Washington', 'James Williams']",17097
194,201911180PHO,"['Kevin Cutler', 'Rodney Mott', 'Ashley Moyer-Gleich']",15193
195,201911180TOR,"['Tony Brown', 'Phenizee Ransom', 'Scott Wall']",19800
196,201911180UTA,"['Brian Forte', 'Scott Foster', 'Justin Van Duyne']",18306
197,201911190LAL,"['Marc Davis', 'Tre Maddox', 'J.T. Orr']",18997
198,201911190MEM,"['Marat Kogut', 'Natalie Sago', 'Kevin Scott']",14511
199,201911190NOP,"['James Capers Jr.', 'Jonathan Sterling', 'Ben Taylor']",15021
200,201911190SAC,"['David Guthrie', 'Derek Richardson', 'Michael Smith']",16732
201,201911200ATL,"['Ray Acosta', 'Mitchell Ervin', 'Kane Fitzgerald']",16441
202,201911200BRK,"['Pat Fraher', 'Simone Jelks', 'Karl Lane']",14011
203,201911200CHI,"['Tony Brothers', 'Derrick Collins', 'Ashley Moyer-Gleich']",18119
204,201911200DAL,"['J.B. DeRosa', 'Ed Malloy', 'Scott Twardoski']",19569
205,201911200DEN,"['Jacyn Goble', 'Rodney Mott', 'Josh Tiven']",17778
206,201911200LAC,"['Nick Buchert', 'Eric Dalen', 'Marc Davis']",19068
207,201911200MIA,"['Courtney Kirkland', 'Tom Washington', 'Haywoode Workman']",19600
208,201911200MIN,"['Tyler Ford', 'Jenna Schroeder', 'Sean Wright']",13177
209,201911200PHI,"['Ken Mauer', 'Gediminas Petraitis', 'Dedric Taylor']",20384
210,201911200TOR,"['Mark Ayotte', 'Matt Myers', 'Zach Zarba']",19800
211,201911200WAS,"['Matt Boland', 'Mousa Dagher', 'James Williams']",14579
212,201911210MIL,"['John Goble', 'Kevin Scott', 'Aaron Smith']",17385
213,201911210PHO,"['Eric Dalen', 'Tre Maddox', 'Josh Tiven']",13903
214,201911220BRK,"['Kevin Cutler', 'Kane Fitzgerald', 'C.J. Washington']",15619
215,201911220CHI,"['Scott Foster', 'Scott Twardoski', 'Justin Van Duyne']",18953
216,201911220DAL,"['Ray Acosta', 'Nate Green', 'Rodney Mott']",19639
217,201911220DEN,"['Tony Brothers', 'Derrick Collins', 'Jason Goldenberg']",19520
218,201911220DET,"['Curtis Blair', 'Mousa Dagher', 'Kevin Scott']",15399
219,201911220LAC,"['Brent Barnaky', 'Eric Lewis', 'Leon Wood']",19068
220,201911220OKC,"['J.B. DeRosa', 'Mitchell Ervin', 'Ed Malloy']",18203
221,201911220PHI,"['Mark Ayotte', 'Marat Kogut', 'Zach Zarba']",20927
222,201911220UTA,"['Nick Buchert', 'Sean Corbin', 'Brett Nansel']",18306
223,201911220WAS,"['John Butler', 'Brian Forte', 'Gediminas Petraitis']",15053
224,201911230ATL,"['Ken Mauer', 'J.T. Orr', 'Jonathan Sterling']",16931
225,201911230CHO,"['Jacyn Goble', 'Marat Kogut', 'James Williams']",17891
226,201911230CLE,"['John Butler', 'Pat Fraher', 'Gediminas Petraitis']",19432
227,201911230IND,"['Eric Dalen', 'John Goble', 'Leroy Richardson']",16446
228,201911230MEM,"['David Guthrie', 'Jenna Schroeder', 'Aaron Smith']",17794
229,201911230MIL,"['Scott Foster', 'Courtney Kirkland', 'Justin Van Duyne']",17585
230,201911230MIN,"['Simone Jelks', 'Karl Lane', 'Tom Washington']",17362
231,201911230NYK,"['James Capers Jr.', 'Evan Scott', 'Michael Smith']",19320
232,201911230PHI,"['Tony Brown', 'Brian Forte', 'Suyash Mehta']",21017
233,201911230UTA,"['Brent Barnaky', 'Eric Lewis', 'Derek Richardson']",18306
234,201911240DEN,"['Nick Buchert', 'Sean Corbin', 'Brett Nansel']",19520
235,201911240HOU,"['Derrick Collins', 'Mitchell Ervin', 'Sean Wright']",18055
236,201911240LAC,"['Tony Brothers', 'Jason Goldenberg', 'Rodney Mott']",19068
237,201911240NYK,"['Mark Lindsay', 'Natalie Sago', 'Ben Taylor']",18770
238,201911240WAS,"['Mark Ayotte', 'J.B. DeRosa', 'Tyler Ford']",15885
239,201911250ATL,"['Kevin Cutler', 'Courtney Kirkland', 'Dedric Taylor']",16218
240,201911250BOS,"['Tony Brown', 'Marat Kogut', 'Matt Myers']",19156
241,201911250CHI,"['Brian Forte', 'Ken Mauer', 'Jonathan Sterling']",18776
242,201911250CLE,"['Leroy Richardson', 'Kevin Scott', 'Michael Smith']",17143
243,201911250DET,"['Tyler Ford', 'Tre Maddox', 'Phenizee Ransom']",14695
244,201911250GSW,"['Brent Barnaky', 'Tony Brothers', 'Jason Goldenberg']",18064
245,201911250IND,"['James Capers Jr.', 'J.T. Orr', 'Justin Van Duyne']",15141
246,201911250MIA,"['David Guthrie', 'Jenna Schroeder', 'Scott Wall']",19600
247,201911250MIL,"['Karl Lane', 'Haywoode Workman', 'Zach Zarba']",17385
248,201911250SAS,"['Ray Acosta', 'Curtis Blair', 'Eric Lewis']",18498
249,201911250TOR,"['John Goble', 'Ben Taylor', 'C.J. Washington']",19800
250,201911260DAL,"['Eric Dalen', 'Brian Forte', 'Gediminas Petraitis']",20407
251,201911260DEN,"['Pat Fraher', 'Derek Richardson', 'Scott Twardoski']",18673
252,201911270BOS,"['James Capers Jr.', 'Jonathan Sterling', 'Scott Wall']",19156
253,201911270CHO,"['Karl Lane', 'J.T. Orr', 'Tom Washington']",15535
254,201911270CLE,"['Scott Foster', 'Ben Taylor', 'C.J. Washington']",17712
255,201911270GSW,"['Mousa Dagher', 'Pat Fraher', 'Aaron Smith']",18064
256,201911270HOU,"['Brandon Adair', 'Curtis Blair', 'Kevin Scott']",18055
257,201911270IND,"['Sean Corbin', 'Marat Kogut', 'Ashley Moyer-Gleich']",17027
258,201911270MEM,"['Ray Acosta', 'Kevin Cutler', 'Kane Fitzgerald']",16721
259,201911270MIL,"['Andy Nagy', 'Michael Smith', 'Josh Tiven']",17525
260,201911270NOP,"['Derrick Collins', 'Dedric Taylor', 'Zach Zarba']",18626
261,201911270PHI,"['Nick Buchert', 'Jacyn Goble', 'James Williams']",20592
262,201911270PHO,"['Tony Brothers', 'Courtney Kirkland', 'Leon Wood']",14123
263,201911270POR,"['Mark Lindsay', 'Rodney Mott', 'Phenizee Ransom']",19870
264,201911270SAS,"['Nate Green', 'Ed Malloy', 'Gediminas Petraitis']",18354
265,201911270TOR,"['J.B. DeRosa', 'Tyler Ford', 'Tre Maddox']",19800
266,201911290BRK,"['Brent Barnaky', 'J.B. DeRosa', 'Tom Washington']",17732
267,201911290CLE,"['David Guthrie', 'Tre Maddox', 'Ashley Moyer-Gleich']",19432
268,201911290DET,"['Marc Davis', 'Brett Nansel', 'Gediminas Petraitis']",15006
269,201911290IND,"['Derrick Collins', 'Kane Fitzgerald', 'Matt Myers']",15827
270,201911290LAL,"['Kevin Cutler', 'Rodney Mott', 'Phenizee Ransom']",18997
271,201911290MEM,"['Curtis Blair', 'Tony Brown', 'Mitchell Ervin']",16605
272,201911290MIA,"['Sean Corbin', 'Eric Lewis', 'Dedric Taylor']",19600
273,201911290NYK,"['Jason Goldenberg', 'Scott Wall', 'Sean Wright']",18109
274,201911290OKC,"['Ray Acosta', 'Jacyn Goble', 'Ken Mauer']",18203
275,201911290ORL,"['Ed Malloy', 'Evan Scott', 'Michael Smith']",17014
276,201911290PHO,"['Mousa Dagher', 'Pat Fraher', 'Mark Lindsay']",18055
277,201911290POR,"['Mark Ayotte', 'Courtney Kirkland', 'Derek Richardson']",20139
278,201911290SAS,"['John Goble', 'Simone Jelks', 'Scott Twardoski']",18354
279,201911300HOU,"['John Goble', 'Karl Lane', 'Leroy Richardson']",18055
280,201911300MIL,"['Eric Dalen', 'Tyler Ford', 'James Williams']",17550
281,201911300PHI,"['Brent Barnaky', 'Tony Brothers', 'Natalie Sago']",20517
282,201911300SAC,"['Kevin Scott', 'Aaron Smith', 'Leon Wood']",17583
283,201912010BRK,"['Scott Twardoski', 'Haywoode Workman', 'Zach Zarba']",17026
284,201912010DET,"['Brian Forte', 'Scott Foster', 'C.J. Washington']",14270
285,201912010LAC,"['Mark Lindsay', 'Kevin Scott', 'Aaron Smith']",19068
286,201912010LAL,"['Mark Ayotte', 'Tony Brown', 'Derek Richardson']",18997
287,201912010MIN,"['John Butler', 'Pat Fraher', 'Courtney Kirkland']",12276
288,201912010NOP,"['Sean Corbin', 'J.B. DeRosa', 'Sean Wright']",15427
289,201912010NYK,"['Matt Boland', 'Ashley Moyer-Gleich', 'Josh Tiven']",18005
290,201912010ORL,"['Brandon Adair', 'James Capers Jr.', 'Scott Wall']",15052
291,201912010TOR,"['Marc Davis', 'Brett Nansel', 'Gediminas Petraitis']",18132
292,201912020ATL,"['Jason Goldenberg', 'Scott Twardoski', 'Tom Washington']",14278
293,201912020CHO,"['David Guthrie', 'Tre Maddox', 'Natalie Sago']",11221
294,201912020MEM,"['Karl Lane', 'Ken Mauer', 'Jonathan Sterling']",11919
295,201912020MIL,"['Ray Acosta', 'Brian Forte', 'Eric Lewis']",17385
296,201912020PHI,"['Kane Fitzgerald', 'Ben Taylor', 'Justin Van Duyne']",20208
297,201912020SAC,"['Tony Brown', 'Mark Lindsay', 'J.T. Orr']",17257
298,201912030CLE,"['Nick Buchert', 'John Conley', 'Zach Zarba']",17504
299,201912030DEN,"['Mousa Dagher', 'Michael Smith', 'James Williams']",19658
300,201912030LAC,"['Derrick Collins', 'Scott Foster', 'Jacyn Goble']",19068
301,201912030NOP,"['Tony Brothers', 'Eric Dalen', 'Tyler Ford']",14664
302,201912030SAS,"['John Butler', 'James Capers Jr.', 'Kevin Scott']",18354
303,201912030TOR,"['Kane Fitzgerald', 'Marat Kogut', 'Andy Nagy']",19800
304,201912030WAS,"['Brent Barnaky', 'Brett Nansel', 'Josh Tiven']",13159
305,201912040ATL,"['Nick Buchert', 'Ed Malloy', 'Suyash Mehta']",15694
306,201912040BOS,"['Karl Lane', 'Derek Richardson', 'Sean Wright']",19156
307,201912040CHI,"['Simone Jelks', 'Ben Taylor', 'Tom Washington']",15017
308,201912040CHO,"['Ken Mauer', 'Aaron Smith', 'Jonathan Sterling']",14355
309,201912040DAL,"['Brandon Adair', 'David Guthrie', 'J.T. Orr']",19671
310,201912040DET,"['Matt Boland', 'Pat Fraher', 'Scott Twardoski']",15742
311,201912040OKC,"['Eric Lewis', 'Leroy Richardson', 'Scott Wall']",18203
312,201912040ORL,"['Sean Corbin', 'Courtney Kirkland', 'C.J. Washington']",15176
313,201912040POR,"['Kevin Cutler', 'Mousa Dagher', 'James Williams']",19393
314,201912040UTA,"['Derrick Collins', 'Scott Foster', 'Jacyn Goble']",18306
315,201912050NOP,"['John Butler', 'James Capers Jr.', 'Michael Smith']",15607
316,201912050NYK,"['Eric Dalen', 'Marc Davis', 'Dedric Taylor']",18171
317,201912050TOR,"['Pat Fraher', 'Mark Lindsay', 'Natalie Sago']",19800
318,201912050WAS,"['Mitchell Ervin', 'Jason Goldenberg', 'Sean Wright']",16554
319,201912060BOS,"['Mark Lindsay', 'Ed Malloy', 'Justin Van Duyne']",19156
320,201912060CHI,"['Lauren Holtkamp-Sterling', 'Eric Lewis', 'Gediminas Petraitis']",18841
321,201912060CHO,"['Curtis Blair', 'Brett Nansel', 'Josh Tiven']",15075
322,201912060CLE,"['Brian Forte', 'Nate Green', 'Karl Lane']",18446
323,201912060DET,"['Tony Brothers', 'Jacyn Goble', 'Aaron Smith']",14894
324,201912060MIA,"['Courtney Kirkland', 'Ken Mauer', 'Leroy Richardson']",19600
325,201912060MIL,"['Kane Fitzgerald', 'Jonathan Sterling', 'Ben Taylor']",17732
326,201912060OKC,"['Mark Ayotte', 'Scott Foster', 'Haywoode Workman']",18203
327,201912060POR,"['John Goble', 'Tre Maddox', 'Leon Wood']",19912
328,201912060SAS,"['Matt Boland', 'J.B. DeRosa', 'David Guthrie']",18354
329,201912070DAL,"['Nick Buchert', 'Sean Corbin', 'Ashley Moyer-Gleich']",19456
330,201912070HOU,"['Tony Brown', 'Jason Goldenberg', 'Marat Kogut']",18055
331,201912070NYK,"['Simone Jelks', 'J.T. Orr', 'Tom Washington']",19110
332,201912070PHI,"['Kevin Cutler', 'Jenna Schroeder', 'Josh Tiven']",20844
333,201912070UTA,"['John Goble', 'Suyash Mehta', 'Scott Wall']",18306
334,201912080BRK,"['Derrick Collins', 'Courtney Kirkland', 'Leroy Richardson']",16679
335,201912080CHO,"['J.B. DeRosa', 'Gediminas Petraitis', 'Zach Zarba']",15489
336,201912080DAL,"['Brent Barnaky', 'Pat Fraher', 'Nate Green']",19566
337,201912080LAL,"['Tyler Ford', 'Natalie Sago', 'Sean Wright']",18997
338,201912080MIA,"['Ray Acosta', 'Mark Ayotte', 'C.J. Washington']",19600
339,201912080PHI,"['James Capers Jr.', 'Phenizee Ransom', 'Michael Smith']",20313
340,201912080POR,"['Brandon Adair', 'Brian Forte', 'Scott Twardoski']",19393
341,201912080WAS,"['Dedric Taylor', 'Justin Van Duyne', 'James Williams']",15946
342,201912090BOS,"['Rodney Mott', 'Phenizee Ransom', 'Dedric Taylor']",19156
343,201912090CHI,"['Brent Barnaky', 'John Conley', 'Zach Zarba']",14775
344,201912090GSW,"['Brandon Adair', 'Brian Forte', 'Tre Maddox']",18064
345,201912090HOU,"['Mitchell Ervin', 'Ken Mauer', 'Matt Myers']",18055
346,201912090IND,"['Curtis Blair', 'Marc Davis', 'Derek Richardson']",14644
347,201912090MIL,"['Tony Brown', 'Mark Lindsay', 'Jenna Schroeder']",17385
348,201912090NOP,"['Lauren Holtkamp-Sterling', 'Eric Lewis', 'Ben Taylor']",13694
349,201912090PHO,"['John Goble', 'Suyash Mehta', 'Scott Wall']",13230
350,201912090UTA,"['Sean Corbin', 'Ashley Moyer-Gleich', 'Sean Wright']",18306
351,201912100CHO,"['Mousa Dagher', 'Eric Dalen', 'Eric Lewis']",10626
352,201912100MIA,"['Tony Brothers', 'Derrick Collins', 'Marat Kogut']",19600
353,201912100PHI,"['Scott Foster', 'Gediminas Petraitis', 'Evan Scott']",20591
354,201912100POR,"['Tyler Ford', 'Ed Malloy', 'Natalie Sago']",19393
355,201912110BRK,"['Tony Brown', 'Kevin Cutler', 'Leon Wood']",15631
356,201912110CHI,"['Eric Dalen', 'Rodney Mott', 'Leroy Richardson']",15084
357,201912110CLE,"['Kane Fitzgerald', 'Evan Scott', 'Aaron Smith']",17122
358,201912110GSW,"['Ashley Moyer-Gleich', 'Scott Wall', 'Sean Wright']",18064
359,201912110IND,"['Pat Fraher', 'Nate Green', 'Michael Smith']",15637
360,201912110MIL,"['Curtis Blair', 'Jacyn Goble', 'Tom Washington']",17385
361,201912110MIN,"['Brian Forte', 'Simone Jelks', 'Josh Tiven']",12369
362,201912110ORL,"['Mousa Dagher', 'Ken Mauer', 'J.T. Orr']",18846
363,201912110PHO,"['Sean Corbin', 'J.B. DeRosa', 'Scott Twardoski']",12254
364,201912110SAC,"['Tyler Ford', 'Ed Malloy', 'Andy Nagy']",16723
365,201912110TOR,"['Nick Buchert', 'Mitchell Ervin', 'David Guthrie']",20144
366,201912120BOS,"['Brandon Adair', 'Kevin Scott', 'Zach Zarba']",19156
367,201912120DEN,"['Ray Acosta', 'James Capers Jr.', 'Mark Lindsay']",18828
368,201912120DET,"['John Goble', 'Dedric Taylor', 'C.J. Washington']",20064
369,201912120SAS,"['Karl Lane', 'Eric Lewis', 'Natalie Sago']",18354
370,201912130ATL,"['Brent Barnaky', 'Tre Maddox', 'Phenizee Ransom']",15121
371,201912130CHI,"['Courtney Kirkland', 'Matt Myers', 'Michael Smith']",18377
372,201912130MEM,"['Rodney Mott', 'Ben Taylor', 'Leon Wood']",16109
373,201912130MIA,"['Mitchell Ervin', 'Kane Fitzgerald', 'Gediminas Petraitis']",20013
374,201912130MIN,"['Tony Brown', 'Jason Goldenberg', 'Aaron Smith']",17585
375,201912130ORL,"['Curtis Blair', 'Pat Fraher', 'Lauren Holtkamp-Sterling']",16335
376,201912130PHI,"['David Guthrie', 'Marat Kogut', 'Leroy Richardson']",20620
377,201912130SAC,"['Bennie Adams', 'Sean Corbin', 'Justin Van Duyne']",17583
378,201912130UTA,"['Tony Brothers', 'J.B. DeRosa', 'Tyler Ford']",18306
379,201912140CHI,"['James Capers Jr.', 'Mousa Dagher', 'Marat Kogut']",18426
380,201912140DAL,"['Scott Foster', 'Mark Lindsay', 'Brett Nansel']",20333
381,201912140DEN,"['Nick Buchert', 'Jason Goldenberg', 'Eric Lewis']",19520
382,201912140HOU,"['Brian Forte', 'Ed Malloy', 'Jenna Schroeder']",18055
383,201912140MEM,"['Ray Acosta', 'Jacyn Goble', 'Kevin Scott']",15631
384,201912140MIL,"['Mark Ayotte', 'Eric Dalen', 'Matt Myers']",17481
385,201912140PHO,"['Derrick Collins', 'Marc Davis', 'Jonathan Sterling']",20013
386,201912140TOR,"['Brandon Adair', 'Karl Lane', 'James Williams']",19800
387,201912150ATL,"['Tony Brown', 'Courtney Kirkland', 'Leon Wood']",16962
388,201912150BRK,"['Mark Ayotte', 'Simone Jelks', 'Sean Wright']",17732
389,201912150DEN,"['Brent Barnaky', 'Tony Brothers', 'J.B. DeRosa']",18867
390,201912150GSW,"['Bill Kennedy', 'Derek Richardson', 'Josh Tiven']",18064
391,201912150IND,"['Lauren Holtkamp-Sterling', 'Ben Taylor', 'Scott Twardoski']",16061
392,201912150NOP,"['Mitchell Ervin', 'Tre Maddox', 'Gediminas Petraitis']",15388
393,201912160DET,"['Kane Fitzgerald', 'Suyash Mehta', 'Gediminas Petraitis']",14632
394,201912160HOU,"['Brett Nansel', 'Michael Smith', 'Tom Washington']",18055
395,201912160MEM,"['Leroy Richardson', 'Scott Wall', 'James Williams']",14021
396,201912160MIL,"['Nick Buchert', 'John Butler', 'David Guthrie']",17727
397,201912160OKC,"['Tony Brothers', 'Aaron Smith', 'C.J. Washington']",18203
398,201912160PHO,"['Bennie Adams', 'Jason Goldenberg', 'Josh Tiven']",14193
399,201912160TOR,"['Jacyn Goble', 'Ken Mauer', 'Scott Twardoski']",19800
400,201912170CHO,"['Mitchell Ervin', 'Marat Kogut', 'Tre Maddox']",13229
401,201912170IND,"['Ray Acosta', 'James Capers Jr.', 'Simone Jelks']",17923
402,201912170LAC,"['Brent Barnaky', 'J.B. DeRosa', 'Rodney Mott']",19068
403,201912170NOP,"['Derrick Collins', 'Derek Richardson', 'Kevin Scott']",15177
404,201912170NYK,"['Mark Ayotte', 'Pat Fraher', 'Evan Scott']",18268
405,201912170UTA,"['Eric Dalen', 'Bill Kennedy', 'Zach Zarba']",18306
406,201912180CLE,"['Curtis Blair', 'Phenizee Ransom', 'Sean Wright']",17023
407,201912180DAL,"['Tony Brothers', 'Karl Lane', 'C.J. Washington']",20181
408,201912180DEN,"['Mousa Dagher', 'Michael Smith', 'Josh Tiven']",18182
409,201912180DET,"['Ashley Moyer-Gleich', 'Scott Wall', 'Tom Washington']",15319
410,201912180MIN,"['Matt Boland', 'Kevin Cutler', 'Ken Mauer']",12490
411,201912180OKC,"['John Butler', 'Derrick Collins', 'Scott Foster']",18203
412,201912180PHI,"['Nick Buchert', 'John Goble', 'Justin Van Duyne']",20715
413,201912180POR,"['Brent Barnaky', 'Eric Dalen', 'Zach Zarba']",19393
414,201912180WAS,"['Ed Malloy', 'Jenna Schroeder', 'Scott Twardoski']",14987
415,201912190ATL,"['Nick Buchert', 'James Capers Jr.', 'Derek Richardson']",16739
416,201912190LAC,"['Kane Fitzgerald', 'J.T. Orr', 'Gediminas Petraitis']",19068
417,201912190MIL,"['Marc Davis', 'Tyler Ford', 'Marat Kogut']",18051
418,201912190SAS,"['Sean Corbin', 'Nate Green', 'Bill Kennedy']",18354
419,201912200BOS,"['Jason Goldenberg', 'Aaron Smith', 'James Williams']",19156
420,201912200CLE,"['Tony Brothers', 'Kevin Cutler', 'Matt Myers']",19432
421,201912200DEN,"['John Butler', 'Scott Foster', 'Karl Lane']",19520
422,201912200GSW,"['Rodney Mott', 'Jonathan Sterling', 'Zach Zarba']",18064
423,201912200IND,"['Matt Boland', 'John Goble', 'Justin Van Duyne']",14649
424,201912200MIA,"['Brandon Adair', 'Scott Twardoski', 'Sean Wright']",19704
425,201912200OKC,"['Mousa Dagher', 'Tre Maddox', 'Ben Taylor']",18203
426,201912200PHI,"['J.B. DeRosa', 'Ken Mauer', 'Scott Wall']",20778
427,201912200POR,"['Kane Fitzgerald', 'Brett Nansel', 'J.T. Orr']",19393
428,201912200TOR,"['Mark Ayotte', 'Evan Scott', 'Dedric Taylor']",19800
429,201912210BRK,"['J.B. DeRosa', 'Marat Kogut', 'Tom Washington']",16496
430,201912210CHO,"['Ray Acosta', 'Jacyn Goble', 'Kevin Scott']",16187
431,201912210DET,"['Brent Barnaky', 'Sean Corbin', 'Derek Richardson']",15948
432,201912210MEM,"['Nick Buchert', 'James Capers Jr.', 'Jenna Schroeder']",15603
433,201912210NYK,"['Courtney Kirkland', 'Dedric Taylor', 'Haywoode Workman']",18124
434,201912210PHI,"['Pat Fraher', 'Natalie Sago', 'James Williams']",20529
435,201912210PHO,"['Scott Foster', 'Lauren Holtkamp-Sterling', 'Karl Lane']",16061
436,201912210POR,"['Marc Davis', 'Gediminas Petraitis', 'Leroy Richardson']",19393
437,201912210SAS,"['Tony Brown', 'Derrick Collins', 'Mitchell Ervin']",18354
438,201912220BOS,"['Tyler Ford', 'Nate Green', 'Josh Tiven']",19156
439,201912220LAL,"['Kane Fitzgerald', 'Tre Maddox', 'Jonathan Sterling']",18997
440,201912220MIL,"['Kevin Cutler', 'Evan Scott', 'Zach Zarba']",18029
441,201912220OKC,"['Mark Ayotte', 'Scott Twardoski', 'Justin Van Duyne']",18203
442,201912220TOR,"['Matt Boland', 'Jason Goldenberg', 'Ed Malloy']",19800
443,201912230CLE,"['Jason Goldenberg', 'Kevin Scott', 'Scott Wall']",18007
444,201912230DET,"['Kevin Cutler', 'Nate Green', 'Ed Malloy']",16476
445,201912230GSW,"['Kane Fitzgerald', 'Lauren Holtkamp-Sterling', 'J.T. Orr']",18064
446,201912230IND,"['Sean Corbin', 'J.B. DeRosa', 'Mitchell Ervin']",17164
447,201912230MEM,"['Marat Kogut', 'Ashley Moyer-Gleich', 'Tom Washington']",16776
448,201912230MIA,"['Brent Barnaky', 'Pat Fraher', 'Ben Taylor']",19890
449,201912230NYK,"['James Capers Jr.', 'Bill Kennedy', 'Matt Myers']",19413
450,201912230ORL,"['Brian Forte', 'Phenizee Ransom', 'Sean Wright']",18846
451,201912230PHO,"['Tony Brown', 'Gediminas Petraitis', 'Leroy Richardson']",16041
452,201912230POR,"['John Butler', 'Scott Foster', 'Karl Lane']",19499
453,201912230SAC,"['Marc Davis', 'Michael Smith', 'Jonathan Sterling']",17583
454,201912250DEN,"['Marc Davis', 'Marat Kogut', 'James Williams']",19520
455,201912250GSW,"['Tony Brown', 'David Guthrie', 'Dedric Taylor']",18064
456,201912250LAL,"['Scott Foster', 'Mark Lindsay', 'Michael Smith']",18997
457,201912250PHI,"['Tony Brothers', 'Derrick Collins', 'Aaron Smith']",21028
458,201912250TOR,"['John Goble', 'Courtney Kirkland', 'Scott Wall']",19800
459,201912260BRK,"['Nick Buchert', 'Jacyn Goble', 'Zach Zarba']",17732
460,201912260DAL,"['Eric Dalen', 'Nate Green', 'Eric Lewis']",20427
461,201912260DET,"['John Conley', 'Tyler Ford', 'John Goble']",17188
462,201912260OKC,"['Curtis Blair', 'Rodney Mott', 'Derek Richardson']",18203
463,201912260SAC,"['David Guthrie', 'Mark Lindsay', 'Matt Myers']",17583
464,201912260UTA,"['Tre Maddox', 'Dedric Taylor', 'Sean Wright']",18306
465,201912270ATL,"['J.B. DeRosa', 'J.T. Orr', 'Josh Tiven']",17358
466,201912270BOS,"['Ray Acosta', 'Kane Fitzgerald', 'Brett Nansel']",19156
467,201912270CHO,"['Derrick Collins', 'Courtney Kirkland', 'C.J. Washington']",18418
468,201912270GSW,"['Pat Fraher', 'Phenizee Ransom', 'James Williams']",18064
469,201912270MIA,"['Ed Malloy', 'Andy Nagy', 'Aaron Smith']",19767
470,201912270ORL,"['Karl Lane', 'Jonathan Sterling', 'Ben Taylor']",17311
471,201912280BOS,"['Tony Brothers', 'Jacyn Goble', 'Marat Kogut']",19156
472,201912280CHI,"['Derrick Collins', 'Tre Maddox', 'Ashley Moyer-Gleich']",21496
473,201912280DEN,"['Kevin Scott', 'Justin Van Duyne', 'Sean Wright']",19697
474,201912280GSW,"['Mark Lindsay', 'Evan Scott', 'Tom Washington']",18064
475,201912280HOU,"['Eric Lewis', 'Natalie Sago', 'Aaron Smith']",18306
476,201912280LAC,"['Curtis Blair', 'James Capers Jr.', 'Phenizee Ransom']",19068
477,201912280MIA,"['Matt Boland', 'Mitchell Ervin', 'Josh Tiven']",19865
478,201912280MIL,"['Sean Corbin', 'Jason Goldenberg', 'Gediminas Petraitis']",17920
479,201912280MIN,"['Brian Forte', 'Derek Richardson', 'Scott Twardoski']",15411
480,201912280NOP,"['Eric Dalen', 'David Guthrie', 'Michael Smith']",15391
481,201912280POR,"['Pat Fraher', 'Matt Myers', 'James Williams']",19960
482,201912280SAC,"['Mark Ayotte', 'Kevin Cutler', 'Dedric Taylor']",17583
483,201912280SAS,"['Nick Buchert', 'John Butler', 'Rodney Mott']",18524
484,201912280WAS,"['J.B. DeRosa', 'Karl Lane', 'Ben Taylor']",19033
485,201912290DEN,"['Tyler Ford', 'Brian Forte', 'Leon Wood']",19520
486,201912290LAL,"['Curtis Blair', 'Kevin Scott', 'Justin Van Duyne']",18997
487,201912290MEM,"['Kane Fitzgerald', 'Andy Nagy', 'J.T. Orr']",16842
488,201912290NOP,"['Brandon Adair', 'Nick Buchert', 'Courtney Kirkland']",17712
489,201912290TOR,"['Tony Brown', 'Bill Kennedy', 'Brett Nansel']",19800
490,201912300CHI,"['Mitchell Ervin', 'Ed Malloy', 'Jonathan Sterling']",21954
491,201912300MIN,"['Sean Corbin', 'Eric Dalen', 'Dedric Taylor']",15824
492,201912300ORL,"['Brandon Adair', 'Eric Lewis', 'Aaron Smith']",17784
493,201912300POR,"['James Capers Jr.', 'Evan Scott', 'Scott Twardoski']",19896
494,201912300UTA,"['Mark Lindsay', 'Matt Myers', 'Tom Washington']",18306
495,201912300WAS,"['Scott Foster', 'Simone Jelks', 'Tre Maddox']",20476
496,201912310CHO,"['Mark Ayotte', 'Ashley Moyer-Gleich', 'Gediminas Petraitis']",19216
497,201912310HOU,"['Kane Fitzgerald', 'Bill Kennedy', 'C.J. Washington']",18055
498,201912310IND,"['Tony Brown', 'Brian Forte', 'Leon Wood']",17923
499,201912310OKC,"['Tyler Ford', 'John Goble', 'Lauren Holtkamp-Sterling']",18203
500,201912310SAC,"['J.T. Orr', 'Derek Richardson', 'Kevin Scott']",16231
501,201912310SAS,"['Karl Lane', 'Andy Nagy', 'Sean Wright']",18354
502,201912310TOR,"['Brent Barnaky', 'Jenna Schroeder', 'Josh Tiven']",19800
503,202001010LAL,"['Kevin Cutler', 'Mousa Dagher', 'Tom Washington']",18997
504,202001010MIL,"['Nick Buchert', 'James Capers Jr.', 'Phenizee Ransom']",17819
505,202001010NYK,"['John Butler', 'Ken Mauer', 'Michael Smith']",19812
506,202001010WAS,"['Matt Boland', 'Jacyn Goble', 'Courtney Kirkland']",14921
507,202001020CHI,"['Brian Forte', 'James Williams', 'Leon Wood']",19398
508,202001020CLE,"['Tony Brown', 'Lauren Holtkamp-Sterling', 'Mark Lindsay']",17859
509,202001020DAL,"['Tre Maddox', 'Suyash Mehta', 'Sean Wright']",20289
510,202001020IND,"['Mark Ayotte', 'Curtis Blair', 'Brett Nansel']",16688
511,202001020LAC,"['Ray Acosta', 'Kevin Cutler', 'John Goble']",19068
512,202001020MIA,"['Derrick Collins', 'Eric Lewis', 'Natalie Sago']",19939
513,202001020MIN,"['Tony Brothers', 'J.B. DeRosa', 'Tyler Ford']",15477
514,202001020SAC,"['Mousa Dagher', 'Ed Malloy', 'Ben Taylor']",17351
515,202001020SAS,"['Brent Barnaky', 'Kevin Scott', 'Jonathan Sterling']",18354
516,202001030BOS,"['Matt Boland', 'Courtney Kirkland', 'Scott Twardoski']",19156
517,202001030HOU,"['Mitchell Ervin', 'Scott Foster', 'Karl Lane']",18055
518,202001030LAL,"['Ray Acosta', 'Ed Malloy', 'Ben Taylor']",18997
519,202001030ORL,"['Sean Corbin', 'Dedric Taylor', 'C.J. Washington']",17198
520,202001030PHO,"['John Goble', 'Bill Kennedy', 'Derek Richardson']",18055
521,202001030WAS,"['Brandon Adair', 'Mark Ayotte', 'Marat Kogut']",17945
522,202001040ATL,"['Mitchell Ervin', 'C.J. Washington', 'Tom Washington']",16420
523,202001040BRK,"['Kane Fitzgerald', 'Gediminas Petraitis', 'Evan Scott']",17732
524,202001040CHI,"['Kevin Scott', 'Aaron Smith', 'Dedric Taylor']",21130
525,202001040CLE,"['James Capers Jr.', 'Ashley Moyer-Gleich', 'Michael Smith']",19432
526,202001040DAL,"['Kevin Cutler', 'Scott Foster', 'Andy Nagy']",20327
527,202001040GSW,"['Tre Maddox', 'J.T. Orr', 'Leon Wood']",18064
528,202001040LAC,"['Eric Dalen', 'Josh Tiven', 'James Williams']",19068
529,202001040MIL,"['Brandon Adair', 'Curtis Blair', 'Tony Brown']",18002
530,202001040ORL,"['Tony Brothers', 'Derrick Collins', 'Natalie Sago']",16913
531,202001040SAC,"['Nick Buchert', 'Eric Lewis', 'Brett Nansel']",16808
532,202001040WAS,"['Mark Lindsay', 'Jenna Schroeder', 'Sean Wright']",16233
533,202001050CLE,"['John Butler', 'Sean Corbin', 'Marat Kogut']",16159
534,202001050LAC,"['Jason Goldenberg', 'Ed Malloy', 'Ben Taylor']",19068
535,202001050LAL,"['Bill Kennedy', 'Derek Richardson', 'Josh Tiven']",18997
536,202001050MIA,"['Marc Davis', 'Simone Jelks', 'Karl Lane']",19846
537,202001050PHO,"['Ray Acosta', 'Eric Lewis', 'Justin Van Duyne']",14181
538,202001060ATL,"['Tony Brothers', 'Jacyn Goble', 'Dedric Taylor']",15286
539,202001060CHO,"['Simone Jelks', 'Michael Smith', 'Sean Wright']",13009
540,202001060DAL,"['Nick Buchert', 'Evan Scott', 'Tom Washington']",20238
541,202001060NOP,"['Mitchell Ervin', 'Kane Fitzgerald', 'Matt Myers']",14138
542,202001060ORL,"['James Capers Jr.', 'Nate Green', 'Scott Wall']",15008
543,202001060PHI,"['Curtis Blair', 'Matt Boland', 'Courtney Kirkland']",20561
544,202001060SAC,"['Eric Dalen', 'Jason Goldenberg', 'James Williams']",15819
545,202001060SAS,"['Kevin Cutler', 'J.B. DeRosa', 'John Goble']",18354
546,202001060WAS,"['Brent Barnaky', 'Brian Forte', 'Phenizee Ransom']",17963
547,202001070BRK,"['Scott Foster', 'Marat Kogut', 'J.T. Orr']",15677
548,202001070CLE,"['Brian Forte', 'Gediminas Petraitis', 'Natalie Sago']",17274
549,202001070LAL,"['Mark Ayotte', 'Eric Lewis', 'Brett Nansel']",18997
550,202001070MEM,"['Brent Barnaky', 'John Conley', 'John Goble']",14117
551,202001070PHO,"['Tre Maddox', 'Suyash Mehta', 'Josh Tiven']",14134
552,202001070TOR,"['Sean Corbin', 'Ashley Moyer-Gleich', 'Scott Twardoski']",19800
553,202001080ATL,"['Ray Acosta', 'Mark Lindsay', 'Ben Taylor']",16514
554,202001080BOS,"['Tyler Ford', 'Rodney Mott', 'Evan Scott']",19156
555,202001080CHO,"['John Conley', 'David Guthrie', 'Bill Kennedy']",13965
556,202001080DAL,"['Matt Boland', 'Marc Davis', 'Courtney Kirkland']",20314
557,202001080GSW,"['Derrick Collins', 'Ken Mauer', 'Derek Richardson']",18064
558,202001080IND,"['Marat Kogut', 'Leroy Richardson', 'Zach Zarba']",17040
559,202001080NOP,"['James Capers Jr.', 'Kevin Cutler', 'C.J. Washington']",15324
560,202001080ORL,"['Mitchell Ervin', 'Kevin Scott', 'Michael Smith']",16013
561,202001080UTA,"['Brandon Adair', 'Eric Dalen', 'Pat Fraher']",18306
562,202001090DET,"['Jonathan Sterling', 'Scott Wall', 'James Williams']",13445
563,202001090MIN,"['Jacyn Goble', 'Gediminas Petraitis', 'Ben Taylor']",13720
564,202001090OKC,"['Kevin Cutler', 'Marc Davis', 'Justin Van Duyne']",18203
565,202001090PHI,"['Sean Corbin', 'J.B. DeRosa', 'Kane Fitzgerald']",20822
566,202001100BRK,"['J.B. DeRosa', 'Mark Lindsay', 'Kevin Scott']",16011
567,202001100CHI,"['Lauren Holtkamp-Sterling', 'Courtney Kirkland', 'Rodney Mott']",20229
568,202001100DAL,"['Brandon Adair', 'Brian Forte', 'David Guthrie']",20542
569,202001100LAC,"['Brent Barnaky', 'Pat Fraher', 'Dedric Taylor']",19068
570,202001100MEM,"['Eric Dalen', 'Tre Maddox', 'Aaron Smith']",16448
571,202001100NYK,"['Ray Acosta', 'John Goble', 'Karl Lane']",18003
572,202001100PHO,"['Derrick Collins', 'Ken Mauer', 'Ashley Moyer-Gleich']",14562
573,202001100SAC,"['Curtis Blair', 'Tony Brothers', 'John Butler']",17583
574,202001100UTA,"['Nick Buchert', 'Phenizee Ransom', 'Zach Zarba']",18306
575,202001100WAS,"['J.T. Orr', 'Jonathan Sterling', 'Josh Tiven']",16360
576,202001110BOS,"['Scott Foster', 'Simone Jelks', 'Bill Kennedy']",19156
577,202001110DAL,"['James Capers Jr.', 'Derek Richardson', 'Ben Taylor']",20244
578,202001110DEN,"['Derrick Collins', 'Phenizee Ransom', 'Zach Zarba']",19533
579,202001110DET,"['Mark Ayotte', 'Jacyn Goble', 'J.T. Orr']",15951
580,202001110HOU,"['Evan Scott', 'Scott Wall', 'Tom Washington']",18055
581,202001110OKC,"['Tyler Ford', 'Andy Nagy', 'Sean Wright']",18203
582,202001110POR,"['Brent Barnaky', 'Pat Fraher', 'Natalie Sago']",19843
583,202001120BRK,"['Mark Ayotte', 'Simone Jelks', 'Eric Lewis']",15201
584,202001120DEN,"['Nick Buchert', 'Ken Mauer', 'Ashley Moyer-Gleich']",19520
585,202001120MEM,"['Marc Davis', 'Nate Green', 'Rodney Mott']",16408
586,202001120NYK,"['Matt Boland', 'Courtney Kirkland', 'Scott Twardoski']",18861
587,202001120PHO,"['Curtis Blair', 'Tony Brothers', 'Dedric Taylor']",14751
588,202001120TOR,"['Brian Forte', 'Gediminas Petraitis', 'Jonathan Sterling']",19800
589,202001120WAS,"['Lauren Holtkamp-Sterling', 'Aaron Smith', 'James Williams']",15953
590,202001130BOS,"['Derek Richardson', 'Michael Smith', 'Tom Washington']",19156
591,202001130DET,"['Kane Fitzgerald', 'Suyash Mehta', 'Aaron Smith']",13780
592,202001130IND,"['Andy Nagy', 'Josh Tiven', 'Scott Twardoski']",15257
593,202001130LAL,"['Tony Brothers', 'Kevin Cutler', 'Dedric Taylor']",18997
594,202001130MIN,"['John Goble', 'Bill Kennedy', 'Jenna Schroeder']",11044
595,202001130POR,"['Sean Corbin', 'Mark Lindsay', 'Brett Nansel']",19111
596,202001130SAC,"['Brent Barnaky', 'Natalie Sago', 'Sean Wright']",16299
597,202001140ATL,"['Brandon Adair', 'Brian Forte', 'Scott Wall']",16060
598,202001140BRK,"['Marc Davis', 'Karl Lane', 'Tre Maddox']",15381
599,202001140GSW,"['Mousa Dagher', 'Mark Lindsay', 'Sean Wright']",18064
600,202001140LAC,"['John Butler', 'Scott Foster', 'Kevin Scott']",19068
601,202001140MEM,"['Mitchell Ervin', 'Jacyn Goble', 'Courtney Kirkland']",16181
602,202001140MIL,"['Mark Ayotte', 'John Conley', 'Kane Fitzgerald']",17590
603,202001150BOS,"['Derrick Collins', 'Pat Fraher', 'Leroy Richardson']",19156
604,202001150CHI,"['Karl Lane', 'Eric Lewis', 'Suyash Mehta']",19382
605,202001150DEN,"['J.B. DeRosa', 'Bill Kennedy', 'James Williams']",19520
606,202001150HOU,"['Nick Buchert', 'David Guthrie', 'Leon Wood']",18055
607,202001150LAL,"['Kevin Scott', 'Scott Twardoski', 'Justin Van Duyne']",18997
608,202001150MIA,"['Marat Kogut', 'Ken Mauer', 'Phenizee Ransom']",19704
609,202001150MIN,"['Tony Brown', 'Matt Myers', 'Aaron Smith']",12648
610,202001150OKC,"['Ray Acosta', 'Eric Dalen', 'Ben Taylor']",18203
611,202001150PHI,"['Tyler Ford', 'Jacyn Goble', 'Tom Washington']",20416
612,202001150SAC,"['Sean Corbin', 'Kevin Cutler', 'Dedric Taylor']",17029
613,202001160GSW,"['Kevin Cutler', 'Scott Foster', 'Justin Van Duyne']",18064
614,202001160LAC,"['Mousa Dagher', 'Mark Lindsay', 'Rodney Mott']",19068
615,202001160MIL,"['Mitchell Ervin', 'J.T. Orr', 'Zach Zarba']",17873
616,202001160NOP,"['Mark Ayotte', 'Matt Boland', 'Marat Kogut']",16717
617,202001160NYK,"['Tre Maddox', 'Ed Malloy', 'Derek Richardson']",18215
618,202001170DAL,"['Tony Brothers', 'Eric Dalen', 'Michael Smith']",20283
619,202001170IND,"['Tyler Ford', 'Courtney Kirkland', 'Jonathan Sterling']",16248
620,202001170MEM,"['Ken Mauer', 'J.T. Orr', 'Evan Scott']",17102
621,202001170OKC,"['Sean Corbin', 'Nate Green', 'Scott Wall']",18203
622,202001170PHI,"['Ray Acosta', 'Derrick Collins', 'John Goble']",20919
623,202001170SAS,"['James Capers Jr.', 'James Williams', 'Leon Wood']",18354
624,202001170TOR,"['Curtis Blair', 'Marc Davis', 'Andy Nagy']",19800
625,202001180ATL,"['Tyler Ford', 'Lauren Holtkamp-Sterling', 'Tre Maddox']",17056
626,202001180BOS,"['John Goble', 'Suyash Mehta', 'Aaron Smith']",19156
627,202001180BRK,"['Gediminas Petraitis', 'Derek Richardson', 'Josh Tiven']",17732
628,202001180CHI,"['Mark Lindsay', 'Ashley Moyer-Gleich', 'Ben Taylor']",19939
629,202001180GSW,"['Mark Ayotte', 'Karl Lane', 'Leroy Richardson']",18064
630,202001180HOU,"['Matt Boland', 'Tony Brown', 'Zach Zarba']",18502
631,202001180MIN,"['Mitchell Ervin', 'Ed Malloy', 'Justin Van Duyne']",16520
632,202001180NOP,"['Brent Barnaky', 'Dedric Taylor', 'Tom Washington']",17959
633,202001180NYK,"['Brandon Adair', 'Pat Fraher', 'Marat Kogut']",17812
634,202001180OKC,"['Bill Kennedy', 'Eric Lewis', 'Natalie Sago']",18203
635,202001180UTA,"['J.B. DeRosa', 'Brian Forte', 'Scott Foster']",18306
636,202001190DEN,"['Nate Green', 'David Guthrie', 'Scott Twardoski']",19520
637,202001190SAS,"['Marc Davis', 'J.T. Orr', 'C.J. Washington']",18422
638,202001200ATL,"['Tony Brown', 'Natalie Sago', 'Michael Smith']",17300
639,202001200BOS,"['Tony Brothers', 'Tyler Ford', 'Gediminas Petraitis']",19156
640,202001200BRK,"['James Capers Jr.', 'Matt Myers', 'Aaron Smith']",16801
641,202001200CHO,"['John Butler', 'Courtney Kirkland', 'Marat Kogut']",16133
642,202001200CLE,"['Curtis Blair', 'Jenna Schroeder', 'Zach Zarba']",17133
643,202001200HOU,"['Kevin Cutler', 'Phenizee Ransom', 'Kevin Scott']",18055
644,202001200MEM,"['Brandon Adair', 'Pat Fraher', 'Bill Kennedy']",17794
645,202001200MIA,"['Matt Boland', 'Brett Nansel', 'Sean Wright']",19600
646,202001200MIL,"['Lauren Holtkamp-Sterling', 'Scott Wall', 'James Williams']",17747
647,202001200MIN,"['Mousa Dagher', 'Eric Dalen', 'Tom Washington']",12172
648,202001200PHO,"['Jacyn Goble', 'David Guthrie', 'Scott Twardoski']",14847
649,202001200POR,"['J.B. DeRosa', 'Kane Fitzgerald', 'Brian Forte']",19493
650,202001200UTA,"['Karl Lane', 'Rodney Mott', 'Leroy Richardson']",18306
651,202001200WAS,"['Ben Taylor', 'Dedric Taylor', 'Justin Van Duyne']",17305
652,202001210DAL,"['Sean Corbin', 'C.J. Washington', 'James Williams']",19783
653,202001220ATL,"['Marc Davis', 'Nate Green', 'Marat Kogut']",14338
654,202001220BOS,"['Curtis Blair', 'Eric Lewis', 'Justin Van Duyne']",19156
655,202001220CHI,"['Jason Goldenberg', 'Kevin Scott', 'Dedric Taylor']",18875
656,202001220DET,"['Pat Fraher', 'Natalie Sago', 'Michael Smith']",13972
657,202001220GSW,"['Jacyn Goble', 'David Guthrie', 'Scott Twardoski']",18064
658,202001220HOU,"['Karl Lane', 'Ashley Moyer-Gleich', 'Josh Tiven']",18055
659,202001220MIA,"['Tony Brown', 'Mitchell Ervin', 'Jenna Schroeder']",19600
660,202001220NOP,"['Courtney Kirkland', 'Rodney Mott', 'Matt Myers']",18365
661,202001220NYK,"['Nick Buchert', 'Mousa Dagher', 'Ken Mauer']",19812
662,202001220ORL,"['Brett Nansel', 'Gediminas Petraitis', 'Tom Washington']",18846
663,202001220PHO,"['J.B. DeRosa', 'Kane Fitzgerald', 'Brian Forte']",14691
664,202001220TOR,"['Mark Lindsay', 'Leon Wood', 'Zach Zarba']",19800
665,202001230BRK,"['Brandon Adair', 'Kevin Cutler', 'Sean Wright']",17732
666,202001230CLE,"['Sean Corbin', 'Mousa Dagher', 'Scott Wall']",16689
667,202001230POR,"['Ray Acosta', 'John Goble', 'Tre Maddox']",19574
668,202001240CHI,"['Tyler Ford', 'Josh Tiven', 'Leon Wood']",17661
669,202001240CHO,"['Ed Malloy', 'Phenizee Ransom', 'Ben Taylor']",15758
670,202001240DET,"['Tony Brown', 'Kevin Cutler', 'Brett Nansel']",14583
671,202001240GSW,"['Ray Acosta', 'John Goble', 'Bill Kennedy']",18064
672,202001240MIA,"['Pat Fraher', 'Michael Smith', 'Jonathan Sterling']",19632
673,202001240MIN,"['Curtis Blair', 'Matt Boland', 'Ken Mauer']",16101
674,202001240NOP,"['Brian Forte', 'Eric Lewis', 'C.J. Washington']",16398
675,202001240NYK,"['Tony Brothers', 'John Butler', 'J.T. Orr']",18883
676,202001240OKC,"['James Capers Jr.', 'Mitchell Ervin', 'Jacyn Goble']",18203
677,202001240ORL,"['Brent Barnaky', 'Jason Goldenberg', 'Rodney Mott']",18846
678,202001240SAS,"['Ashley Moyer-Gleich', 'Aaron Smith', 'Tom Washington']",18354
679,202001250CLE,"['Brandon Adair', 'Curtis Blair', 'Courtney Kirkland']",19432
680,202001250DET,"['Sean Corbin', 'Marat Kogut', 'Evan Scott']",15890
681,202001250MIN,"['J.B. DeRosa', 'Josh Tiven', 'Scott Wall']",16236
682,202001250PHI,"['Marc Davis', 'Karl Lane', 'Dedric Taylor']",21109
683,202001250UTA,"['Nick Buchert', 'Kane Fitzgerald', 'Derek Richardson']",18306
684,202001260ATL,"['Rodney Mott', 'Brett Nansel', 'Gediminas Petraitis']",15567
685,202001260DEN,"['Ray Acosta', 'John Goble', 'Tre Maddox']",19520
686,202001260MEM,"['Brent Barnaky', 'Kevin Scott', 'Leon Wood']",17214
687,202001260NOP,"['Mitchell Ervin', 'David Guthrie', 'Michael Smith']",16737
688,202001260NYK,"['Tony Brown', 'Jenna Schroeder', 'Scott Twardoski']",17831
689,202001260ORL,"['Leroy Richardson', 'Aaron Smith', 'Zach Zarba']",15427
690,202001260POR,"['Nick Buchert', 'James Capers Jr.', 'Mousa Dagher']",19663
691,202001260SAS,"['Kevin Cutler', 'Pat Fraher', 'Lauren Holtkamp-Sterling']",18354
692,202001270CHI,"['John Butler', 'Marc Davis', 'J.T. Orr']",16071
693,202001270DET,"['Matt Myers', 'Kevin Scott', 'Josh Tiven']",12597
694,202001270MIA,"['J.B. DeRosa', 'Tyler Ford', 'Brian Forte']",19600
695,202001270MIN,"['Scott Foster', 'Marat Kogut', 'Evan Scott']",13449
696,202001270OKC,"['Brandon Adair', 'Tony Brothers', 'Karl Lane']",18203
697,202001270UTA,"['Mousa Dagher', 'Scott Wall', 'Tom Washington']",18306
698,202001280CHO,"['Gediminas Petraitis', 'Justin Van Duyne', 'Sean Wright']",14342
699,202001280CLE,"['Rodney Mott', 'Leroy Richardson', 'Dedric Taylor']",19432
700,202001280DAL,"['Matt Boland', 'Tyler Ford', 'David Guthrie']",20216
701,202001280MEM,"['Sean Corbin', 'Karl Lane', 'Jonathan Sterling']",14365
702,202001280MIA,"['Lauren Holtkamp-Sterling', 'James Williams', 'Zach Zarba']",19704
703,202001280MIL,"['Marat Kogut', 'Eric Lewis', 'C.J. Washington']",17681
704,202001280PHI,"['Scott Foster', 'Mark Lindsay', 'Derek Richardson']",20854
705,202001280TOR,"['Ken Mauer', 'Matt Myers', 'Michael Smith']",19800
706,202001290BRK,"['Brent Barnaky', 'Jacyn Goble', 'Ed Malloy']",14275
707,202001290IND,"['Mitchell Ervin', 'Kane Fitzgerald', 'Evan Scott']",17923
708,202001290NYK,"['Ray Acosta', 'Ashley Moyer-Gleich', 'Josh Tiven']",18768
709,202001290POR,"['Mark Ayotte', 'Marc Davis', 'Leon Wood']",19393
710,202001290SAC,"['Derrick Collins', 'Mousa Dagher', 'Tom Washington']",16935
711,202001290SAS,"['Tony Brothers', 'Tre Maddox', 'Natalie Sago']",17887
712,202001300ATL,"['Brent Barnaky', 'Pat Fraher', 'Justin Van Duyne']",15227
713,202001300BOS,"['Brandon Adair', 'Marat Kogut', 'Ken Mauer']",19156
714,202001300CLE,"['John Goble', 'Mark Lindsay', 'Derek Richardson']",17695
715,202001300DEN,"['Tyler Ford', 'Jason Goldenberg', 'Eric Lewis']",19520
716,202001300LAC,"['Matt Boland', 'Sean Corbin', 'J.T. Orr']",19068
717,202001300WAS,"['Jonathan Sterling', 'Scott Twardoski', 'Zach Zarba']",15013
718,202001310BRK,"['Tony Brothers', 'Phenizee Ransom', 'Scott Wall']",17732
719,202001310DET,"['Mitchell Ervin', 'Scott Foster', 'Jonathan Sterling']",17356
720,202001310HOU,"['Ed Malloy', 'Dedric Taylor', 'James Williams']",18055
721,202001310LAL,"['Matt Boland', 'Derrick Collins', 'Tom Washington']",18997
722,202001310MIL,"['David Guthrie', 'Jenna Schroeder', 'Scott Twardoski']",18141
723,202001310NOP,"['Lauren Holtkamp-Sterling', 'Tre Maddox', 'Sean Wright']",18362
724,202001310PHO,"['Marc Davis', 'J.T. Orr', 'C.J. Washington']",17260
725,202002010BOS,"['Ray Acosta', 'Kevin Scott', 'Josh Tiven']",19156
726,202002010CLE,"['Pat Fraher', 'Gediminas Petraitis', 'Evan Scott']",18410
727,202002010DAL,"['John Goble', 'Aaron Smith', 'Leon Wood']",20328
728,202002010IND,"['Scott Foster', 'Derek Richardson', 'Michael Smith']",17923
729,202002010LAC,"['Mousa Dagher', 'Tyler Ford', 'Eric Lewis']",19068
730,202002010ORL,"['Tony Brown', 'Nick Buchert', 'Natalie Sago']",18846
731,202002010POR,"['John Butler', 'Kevin Cutler', 'Rodney Mott']",19603
732,202002010SAC,"['Marc Davis', 'Ben Taylor', 'C.J. Washington']",17583
733,202002010SAS,"['Nate Green', 'Karl Lane', 'Ed Malloy']",18615
734,202002010WAS,"['Curtis Blair', 'Ken Mauer', 'Matt Myers']",18196
735,202002020DET,"['Brandon Adair', 'Brian Forte', 'Tre Maddox']",15488
736,202002020HOU,"['James Capers Jr.', 'Derrick Collins', 'J.B. DeRosa']",18055
737,202002020MIL,"['Jason Goldenberg', 'Mark Lindsay', 'Sean Wright']",17754
738,202002020TOR,"['Mark Ayotte', 'Brent Barnaky', 'Justin Van Duyne']",19800
739,202002030ATL,"['Nick Buchert', 'J.B. DeRosa', 'Brian Forte']",16231
740,202002030BRK,"['Kane Fitzgerald', 'Karl Lane', 'Leon Wood']",14891
741,202002030CHO,"['Mark Ayotte', 'Ken Mauer', 'Matt Myers']",12337
742,202002030CLE,"['Tony Brown', 'Eric Dalen', 'Phenizee Ransom']",16303
743,202002030IND,"['Curtis Blair', 'Pat Fraher', 'Ashley Moyer-Gleich']",15086
744,202002030LAC,"['John Butler', 'Ben Taylor', 'Zach Zarba']",19068
745,202002030MEM,"['Jason Goldenberg', 'Aaron Smith', 'James Williams']",14597
746,202002030MIA,"['David Guthrie', 'Gediminas Petraitis', 'Leroy Richardson']",19725
747,202002030SAC,"['Kevin Cutler', 'Rodney Mott', 'Brett Nansel']",15819
748,202002030WAS,"['Ray Acosta', 'Nate Green', 'Ed Malloy']",17120
749,202002040DEN,"['Scott Foster', 'Mark Lindsay', 'J.T. Orr']",19520
750,202002040HOU,"['Sean Corbin', 'Tre Maddox', 'C.J. Washington']",18055
751,202002040LAL,"['Kevin Cutler', 'Jacyn Goble', 'Josh Tiven']",18997
752,202002040NOP,"['Marat Kogut', 'Kevin Scott', 'Tom Washington']",15424
753,202002050BOS,"['Marc Davis', 'Aaron Smith', 'Leon Wood']",19156
754,202002050BRK,"['Eric Dalen', 'David Guthrie', 'James Williams']",14352
755,202002050DAL,"['Brent Barnaky', 'Eric Lewis', 'Phenizee Ransom']",20069
756,202002050DET,"['James Capers Jr.', 'Nate Green', 'Scott Wall']",13707
757,202002050LAC,"['Jacyn Goble', 'Bill Kennedy', 'Josh Tiven']",19068
758,202002050MIN,"['Mark Ayotte', 'Jenna Schroeder', 'Sean Wright']",10779
759,202002050OKC,"['Tyler Ford', 'Courtney Kirkland', 'Natalie Sago']",18203
760,202002050TOR,"['Derrick Collins', 'Jason Goldenberg', 'Ed Malloy']",19800
761,202002050UTA,"['Ben Taylor', 'Justin Van Duyne', 'Zach Zarba']",18306
762,202002060CHI,"['Mark Lindsay', 'Rodney Mott', 'Ashley Moyer-Gleich']",18247
763,202002060LAL,"['Brian Forte', 'Scott Foster', 'Scott Twardoski']",18997
764,202002060MIL,"['Sean Corbin', 'Marc Davis', 'Dedric Taylor']",17928
765,202002060NYK,"['Mitchell Ervin', 'Evan Scott', 'Tom Washington']",18895
766,202002060POR,"['Curtis Blair', 'Kane Fitzgerald', 'Brett Nansel']",19653
767,202002070BOS,"['Kevin Cutler', 'Mousa Dagher', 'Eric Lewis']",19156
768,202002070IND,"['Matt Boland', 'James Capers Jr.', 'Ben Taylor']",17028
769,202002070OKC,"['Derrick Collins', 'Matt Myers', 'Sean Wright']",18203
770,202002070PHI,"['Tony Brown', 'Eric Dalen', 'Mitchell Ervin']",20779
771,202002070PHO,"['Brent Barnaky', 'Phenizee Ransom', 'Zach Zarba']",17043
772,202002070SAC,"['Curtis Blair', 'Pat Fraher', 'J.T. Orr']",16760
773,202002070UTA,"['J.B. DeRosa', 'Brian Forte', 'Josh Tiven']",18306
774,202002070WAS,"['Tyler Ford', 'Natalie Sago', 'Kevin Scott']",20476
775,202002080CHO,"['John Butler', 'David Guthrie', 'Ben Taylor']",19370
776,202002080DET,"['Courtney Kirkland', 'Karl Lane', 'Leroy Richardson']",15980
777,202002080GSW,"['Kane Fitzgerald', 'Tre Maddox', 'Leon Wood']",18064
778,202002080IND,"['Sean Corbin', 'Tyler Ford', 'C.J. Washington']",17923
779,202002080MIN,"['Derrick Collins', 'Ken Mauer', 'Jonathan Sterling']",18978
780,202002080ORL,"['Jacyn Goble', 'Scott Wall', 'James Williams']",16632
781,202002080PHO,"['Pat Fraher', 'Bill Kennedy', 'Jenna Schroeder']",16843
782,202002080SAC,"['Mark Ayotte', 'Gediminas Petraitis', 'Scott Twardoski']",16756
783,202002080TOR,"['Nick Buchert', 'Rodney Mott', 'Dedric Taylor']",19800
784,202002090ATL,"['Matt Boland', 'Eric Dalen', 'Kevin Scott']",16309
785,202002090CLE,"['Kevin Cutler', 'Marc Davis', 'Mitchell Ervin']",17240
786,202002090HOU,"['Brandon Adair', 'J.T. Orr', 'Sean Wright']",18055
787,202002090OKC,"['Ray Acosta', 'Curtis Blair', 'Tony Brown']",18203
788,202002090PHI,"['David Guthrie', 'Karl Lane', 'Justin Van Duyne']",21018
789,202002090POR,"['Ed Malloy', 'Evan Scott', 'Scott Twardoski']",19726
790,202002090WAS,"['Nick Buchert', 'Scott Foster', 'Dedric Taylor']",17251
791,202002100DAL,"['Ray Acosta', 'Tony Brown', 'Tre Maddox']",19793
792,202002100DEN,"['Sean Corbin', 'John Goble', 'Leon Wood']",19520
793,202002100DET,"['Matt Boland', 'Marc Davis', 'James Williams']",13941
794,202002100GSW,"['Mark Ayotte', 'Brent Barnaky', 'James Capers Jr.']",18064
795,202002100IND,"['Kevin Cutler', 'Justin Van Duyne', 'Zach Zarba']",16761
796,202002100LAL,"['Ed Malloy', 'Gediminas Petraitis', 'Evan Scott']",18997
797,202002100MIL,"['Bill Kennedy', 'Rodney Mott', 'Leroy Richardson']",17463
798,202002100ORL,"['John Butler', 'Marat Kogut', 'Ken Mauer']",17076
799,202002100TOR,"['Brian Forte', 'Scott Foster', 'Lauren Holtkamp-Sterling']",19800
800,202002110HOU,"['Tyler Ford', 'Josh Tiven', 'Scott Wall']",18055
801,202002110NOP,"['Derrick Collins', 'David Guthrie', 'J.T. Orr']",15739
802,202002110OKC,"['Eric Lewis', 'Tre Maddox', 'Jonathan Sterling']",18203
803,202002110PHI,"['J.B. DeRosa', 'Kane Fitzgerald', 'Ben Taylor']",20730
804,202002110WAS,"['Mousa Dagher', 'Tom Washington', 'James Williams']",15135
805,202002120BRK,"['Curtis Blair', 'J.B. DeRosa', 'Kevin Scott']",15823
806,202002120CLE,"['Lauren Holtkamp-Sterling', 'Bill Kennedy', 'Sean Wright']",16200
807,202002120DAL,"['Derrick Collins', 'Ed Malloy', 'Jenna Schroeder']",19842
808,202002120DEN,"['Ray Acosta', 'Mark Ayotte', 'James Capers Jr.']",19860
809,202002120IND,"['Brandon Adair', 'Tony Brown', 'Marc Davis']",17018
810,202002120MEM,"['Brent Barnaky', 'Ken Mauer', 'Matt Myers']",16889
811,202002120MIN,"['John Goble', 'Courtney Kirkland', 'C.J. Washington']",18978
812,202002120NYK,"['Nate Green', 'Marat Kogut', 'Zach Zarba']",18835
813,202002120ORL,"['Tony Brothers', 'Mitchell Ervin', 'J.T. Orr']",16607
814,202002120PHO,"['Kevin Cutler', 'Rodney Mott', 'Derek Richardson']",15216
815,202002120UTA,"['Sean Corbin', 'Gediminas Petraitis', 'Jonathan Sterling']",18306
816,202002130BOS,"['Scott Foster', 'Dedric Taylor', 'James Williams']",19156
817,202002130NOP,"['Eric Dalen', 'Karl Lane', 'Josh Tiven']",17865
818,202002200ATL,"['James Capers Jr.', 'Courtney Kirkland', 'Derek Richardson']",17356
819,202002200CHI,"['Ken Mauer', 'Scott Twardoski', 'Leon Wood']",17463
820,202002200DET,"['Brent Barnaky', 'Eric Dalen', 'Rodney Mott']",16097
821,202002200GSW,"['Nick Buchert', 'J.B. DeRosa', 'John Goble']",18064
822,202002200PHI,"['Jacyn Goble', 'Mark Lindsay', 'Ed Malloy']",20806
823,202002200SAC,"['Tony Brothers', 'Mitchell Ervin', 'Bill Kennedy']",17078
824,202002210LAL,"['Nick Buchert', 'J.B. DeRosa', 'David Guthrie']",18997
825,202002210MIN,"['Curtis Blair', 'Nate Green', 'Sean Wright']",18978
826,202002210NYK,"['Scott Foster', 'J.T. Orr', 'Phenizee Ransom']",19812
827,202002210OKC,"['Mark Ayotte', 'Pat Fraher', 'Justin Van Duyne']",18203
828,202002210ORL,"['Evan Scott', 'Michael Smith', 'Zach Zarba']",18846
829,202002210POR,"['Tony Brothers', 'Tony Brown', 'Mitchell Ervin']",19946
830,202002210TOR,"['Matt Boland', 'Scott Wall', 'James Williams']",19800
831,202002210UTA,"['Marc Davis', 'Ben Taylor', 'Dedric Taylor']",18306
832,202002210WAS,"['Brian Forte', 'Karl Lane', 'Scott Twardoski']",18895
833,202002220ATL,"['Derrick Collins', 'Rodney Mott', 'Matt Myers']",17050
834,202002220CHI,"['Ray Acosta', 'Brian Forte', 'J.T. Orr']",20506
835,202002220CHO,"['Courtney Kirkland', 'Haywoode Workman', 'Sean Wright']",19079
836,202002220LAC,"['Mousa Dagher', 'John Goble', 'Tre Maddox']",19068
837,202002220MIA,"['Scott Foster', 'Kevin Scott', 'Jonathan Sterling']",19754
838,202002220MIL,"['James Capers Jr.', 'Tyler Ford', 'Leon Wood']",18290
839,202002220UTA,"['Jason Goldenberg', 'Bill Kennedy', 'Eric Lewis']",18306
840,202002230CHI,"['Tony Brothers', 'Lauren Holtkamp-Sterling', 'Mark Lindsay']",18024
841,202002230DEN,"['Nick Buchert', 'Ken Mauer', 'C.J. Washington']",19626
842,202002230GSW,"['Kevin Cutler', 'David Guthrie', 'Brett Nansel']",18064
843,202002230LAL,"['Tony Brown', 'Marc Davis', 'Dedric Taylor']",18997
844,202002230OKC,"['Ed Malloy', 'Gediminas Petraitis', 'Derek Richardson']",18203
845,202002230POR,"['John Goble', 'Ben Taylor', 'Justin Van Duyne']",19393
846,202002230TOR,"['Mark Ayotte', 'Scott Twardoski', 'Zach Zarba']",19800
847,202002240BRK,"['Brandon Adair', 'Mark Ayotte', 'Rodney Mott']",16162
848,202002240CLE,"['Derrick Collins', 'Jenna Schroeder', 'James Williams']",17336
849,202002240DAL,"['Brian Forte', 'Jason Goldenberg', 'J.T. Orr']",19936
850,202002240HOU,"['Mitchell Ervin', 'Pat Fraher', 'Jonathan Sterling']",18055
851,202002240LAC,"['Kevin Cutler', 'Eric Lewis', 'Dedric Taylor']",19068
852,202002240PHI,"['Scott Wall', 'Haywoode Workman', 'Zach Zarba']",20836
853,202002240UTA,"['Tyler Ford', 'David Guthrie', 'C.J. Washington']",18306
854,202002240WAS,"['Matt Boland', 'Kevin Scott', 'Michael Smith']",16580
855,202002250CHI,"['Courtney Kirkland', 'Karl Lane', 'Leroy Richardson']",16911
856,202002250DEN,"['Tony Brown', 'Gediminas Petraitis', 'Natalie Sago']",19143
857,202002250GSW,"['Marc Davis', 'Ben Taylor', 'Leon Wood']",18064
858,202002250IND,"['Tony Brothers', 'Ashley Moyer-Gleich', 'Kevin Scott']",16088
859,202002250LAL,"['Curtis Blair', 'Eric Lewis', 'Justin Van Duyne']",18997
860,202002250POR,"['John Butler', 'Tyler Ford', 'Ken Mauer']",19460
861,202002250TOR,"['Derrick Collins', 'J.B. DeRosa', 'Josh Tiven']",19993
862,202002260ATL,"['Brian Forte', 'Lauren Holtkamp-Sterling', 'Tre Maddox']",14967
863,202002260CHO,"['Jacyn Goble', 'Michael Smith', 'James Williams']",13152
864,202002260CLE,"['Matt Boland', 'Rodney Mott', 'Aaron Smith']",16332
865,202002260HOU,"['Kane Fitzgerald', 'J.T. Orr', 'Haywoode Workman']",18055
866,202002260MIA,"['Mark Ayotte', 'Sean Corbin', 'Matt Myers']",19600
867,202002260PHO,"['Curtis Blair', 'Natalie Sago', 'Tom Washington']",15157
868,202002260SAS,"['Nick Buchert', 'Pat Fraher', 'Jonathan Sterling']",18354
869,202002260UTA,"['Mark Lindsay', 'Ed Malloy', 'Scott Twardoski']",18306
870,202002260WAS,"['John Goble', 'Bill Kennedy', 'Brett Nansel']",15021
871,202002270GSW,"['Tyler Ford', 'Marat Kogut', 'Ken Mauer']",18064
872,202002270IND,"['Kevin Cutler', 'Eric Dalen', 'David Guthrie']",16872
873,202002270OKC,"['Brent Barnaky', 'Tony Brown', 'Nate Green']",18203
874,202002270PHI,"['Jason Goldenberg', 'Courtney Kirkland', 'Karl Lane']",20175
875,202002280ATL,"['Tony Brothers', 'Kevin Scott', 'C.J. Washington']",17034
876,202002280LAC,"['Matt Boland', 'Mark Lindsay', 'Zach Zarba']",19068
877,202002280MEM,"['Gediminas Petraitis', 'Jonathan Sterling', 'James Williams']",17794
878,202002280MIA,"['Kane Fitzgerald', 'Ben Taylor', 'Scott Wall']",19704
879,202002280MIL,"['Ray Acosta', 'John Goble', 'Tre Maddox']",18412
880,202002280NOP,"['Sean Corbin', 'Leroy Richardson', 'Michael Smith']",18304
881,202002280ORL,"['Ashley Moyer-Gleich', 'Aaron Smith', 'Josh Tiven']",18846
882,202002280PHO,"['Derrick Collins', 'Marat Kogut', 'Ed Malloy']",17142
883,202002280TOR,"['Marc Davis', 'Mitchell Ervin', 'Jenna Schroeder']",19800
884,202002280UTA,"['Curtis Blair', 'Justin Van Duyne', 'Tom Washington']",18306
885,202002290ATL,"['Kane Fitzgerald', 'Nate Green', 'Ben Taylor']",17765
886,202002290BOS,"['Eric Dalen', 'Brian Forte', 'David Guthrie']",19156
887,202002290CLE,"['Jason Goldenberg', 'Courtney Kirkland', 'Gediminas Petraitis']",19432
888,202002290MEM,"['Brent Barnaky', 'Pat Fraher', 'Derek Richardson']",17794
889,202002290MIA,"['Aaron Smith', 'Josh Tiven', 'Leon Wood']",19600
890,202002290NYK,"['Kevin Cutler', 'J.B. DeRosa', 'Eric Lewis']",19812
891,202002290PHO,"['Mark Ayotte', 'Nick Buchert', 'J.T. Orr']",16395
892,202002290SAS,"['Mousa Dagher', 'Tyler Ford', 'Ken Mauer']",18354
893,202003010CHO,"['Bill Kennedy', 'Karl Lane', 'Scott Wall']",19149
894,202003010DEN,"['Ray Acosta', 'Tre Maddox', 'Tom Washington']",19777
895,202003010GSW,"['Matt Boland', 'Mark Lindsay', 'Rodney Mott']",18064
896,202003010LAC,"['Derrick Collins', 'Ed Malloy', 'Scott Twardoski']",19068
897,202003010MIN,"['Brandon Adair', 'Marc Davis', 'Michael Smith']",18058
898,202003010NOP,"['Tony Brothers', 'Tony Brown', 'Jacyn Goble']",18547
899,202003010SAC,"['Curtis Blair', 'John Butler', 'Zach Zarba']",17499
900,202003020ATL,"['David Guthrie', 'Marat Kogut', 'Evan Scott']",16207
901,202003020CHI,"['Aaron Smith', 'Justin Van Duyne', 'James Williams']",18407
902,202003020CLE,"['Mitchell Ervin', 'Eric Lewis', 'Derek Richardson']",15453
903,202003020MIA,"['Tony Brothers', 'Courtney Kirkland', 'Dedric Taylor']",19600
904,202003020NYK,"['Brent Barnaky', 'Brett Nansel', 'Josh Tiven']",18142
905,202003020ORL,"['Gediminas Petraitis', 'Kevin Scott', 'Leon Wood']",18078
906,202003020SAS,"['Sean Corbin', 'Marc Davis', 'C.J. Washington']",17635
907,202003030BOS,"['Mitchell Ervin', 'John Goble', 'Ben Taylor']",19156
908,202003030CHO,"['Tony Brown', 'Jason Goldenberg', 'Marat Kogut']",12008
909,202003030DEN,"['John Butler', 'Kevin Cutler', 'Kane Fitzgerald']",19520
910,202003030LAL,"['Eric Dalen', 'Brian Forte', 'Zach Zarba']",18997
911,202003030NOP,"['Gediminas Petraitis', 'Kevin Scott', 'Dedric Taylor']",15264
912,202003030OKC,"['Nick Buchert', 'Jacyn Goble', 'Bill Kennedy']",18203
913,202003030PHO,"['Mark Lindsay', 'Rodney Mott', 'Leroy Richardson']",15553
914,202003030SAC,"['Derrick Collins', 'Ed Malloy', 'Scott Twardoski']",16419
915,202003040BRK,"['Tyler Ford', 'Karl Lane', 'Ken Mauer']",16941
916,202003040CLE,"['Brandon Adair', 'Scott Foster', 'Scott Wall']",16897
917,202003040DAL,"['Nick Buchert', 'James Capers Jr.', 'Leon Wood']",20459
918,202003040DET,"['Sean Corbin', 'Jonathan Sterling', 'Ben Taylor']",15138
919,202003040MIA,"['Curtis Blair', 'David Guthrie', 'J.T. Orr']",19600
920,202003040MIL,"['Derek Richardson', 'Tom Washington', 'James Williams']",17695
921,202003040MIN,"['Ray Acosta', 'Tony Brothers', 'Courtney Kirkland']",13392
922,202003040NYK,"['Jenna Schroeder', 'Aaron Smith', 'Sean Wright']",16588
923,202003040POR,"['Mark Ayotte', 'Mousa Dagher', 'Pat Fraher']",19393
924,202003050CHO,"['Tyler Ford', 'John Goble', 'C.J. Washington']",13311
925,202003050GSW,"['Eric Dalen', 'Brian Forte', 'Zach Zarba']",18064
926,202003050HOU,"['Marc Davis', 'Rodney Mott', 'Michael Smith']",18055
927,202003050SAC,"['Kane Fitzgerald', 'Tre Maddox', 'Leroy Richardson']",15485
928,202003060BOS,"['Marat Kogut', 'Ken Mauer', 'Gediminas Petraitis']",19156
929,202003060BRK,"['Ray Acosta', 'James Capers Jr.', 'Kevin Cutler']",16277
930,202003060CHI,"['J.B. DeRosa', 'Eric Lewis', 'Dedric Taylor']",20229
931,202003060DAL,"['Ben Taylor', 'Scott Twardoski', 'Tom Washington']",20370
932,202003060LAL,"['Mark Ayotte', 'Kane Fitzgerald', 'Jason Goldenberg']",18997
933,202003060MIN,"['Derrick Collins', 'Pat Fraher', 'Justin Van Duyne']",14315
934,202003060NOP,"['Matt Boland', 'Bill Kennedy', 'James Williams']",18384
935,202003060NYK,"['Brandon Adair', 'Curtis Blair', 'Ed Malloy']",19499
936,202003060PHO,"['Brent Barnaky', 'Eric Dalen', 'Josh Tiven']",15522
937,202003060WAS,"['Tony Brothers', 'J.T. Orr', 'Scott Wall']",17856
938,202003070CHO,"['Nick Buchert', 'David Guthrie', 'Ashley Moyer-Gleich']",19159
939,202003070CLE,"['Tony Brown', 'Marat Kogut', 'Matt Myers']",19432
940,202003070DET,"['Brandon Adair', 'John Goble', 'Michael Smith']",16590
941,202003070GSW,"['Scott Foster', 'Jacyn Goble', 'Courtney Kirkland']",18064
942,202003070MEM,"['Rodney Mott', 'Kevin Scott', 'Justin Van Duyne']",17117
943,202003070POR,"['Brian Forte', 'Brett Nansel', 'Zach Zarba']",19691
944,202003080BOS,"['Derrick Collins', 'J.B. DeRosa', 'Eric Lewis']",19156
945,202003080BRK,"['John Butler', 'Gediminas Petraitis', 'James Williams']",15916
946,202003080CLE,"['Curtis Blair', 'David Guthrie', 'Leroy Richardson']",17995
947,202003080DAL,"['Eric Dalen', 'Tyler Ford', 'Ed Malloy']",20324
948,202003080HOU,"['Bill Kennedy', 'Karl Lane', 'Scott Twardoski']",18055
949,202003080LAC,"['Brent Barnaky', 'Tre Maddox', 'Josh Tiven']",19068
950,202003080MIN,"['Mark Lindsay', 'Natalie Sago', 'Tom Washington']",18978
951,202003080NYK,"['Matt Boland', 'Pat Fraher', 'J.T. Orr']",18361
952,202003080PHO,"['Sean Corbin', 'Jonathan Sterling', 'Ben Taylor']",17282
953,202003080SAC,"['Mitchell Ervin', 'Scott Foster', 'Derek Richardson']",16449
954,202003080WAS,"['Nick Buchert', 'Ken Mauer', 'Ashley Moyer-Gleich']",18135
955,202003090ATL,"['Curtis Blair', 'Kevin Cutler', 'Sean Wright']",14399
956,202003090DEN,"['Marc Davis', 'Brian Forte', 'Leon Wood']",19838
957,202003090UTA,"['Brent Barnaky', 'Courtney Kirkland', 'Rodney Mott']",18306
958,202003100CHI,"['Kevin Cutler', 'Eric Dalen', 'Tom Washington']",17837
959,202003100GSW,"['Tony Brothers', 'Sean Corbin', 'Mitchell Ervin']",18064
960,202003100HOU,"['Tony Brown', 'Nate Green', 'Sean Wright']",18055
961,202003100IND,"['Mark Ayotte', 'Kane Fitzgerald', 'Aaron Smith']",17053
962,202003100LAL,"['Scott Foster', 'Jacyn Goble', 'Scott Twardoski']",18997
963,202003100MEM,"['Tyler Ford', 'Ed Malloy', 'Dedric Taylor']",15388
964,202003100POR,"['James Capers Jr.', 'Karl Lane', 'C.J. Washington']",19393
965,202003100SAS,"['Tre Maddox', 'J.T. Orr', 'Josh Tiven']",18354
966,202003100WAS,"['Ray Acosta', 'David Guthrie', 'Gediminas Petraitis']",15048
967,202003110ATL,"['Derrick Collins', 'Ken Mauer', 'Leon Wood']",15393
968,202003110DAL,"['John Goble', 'Michael Smith', 'James Williams']",20302
969,202003110MIA,"['Lauren Holtkamp-Sterling', 'Eric Lewis', 'Kevin Scott']",19600
970,202003110PHI,"['Mark Ayotte', 'Bill Kennedy', 'Dedric Taylor']",20172
971,202007300LAL,"['Tony Brown', 'Nick Buchert', 'Scott Foster']",0
972,202007300NOP,"['Michael Smith', 'James Williams', 'Zach Zarba']",0
973,202007310BRK,"['Derrick Collins', 'Pat Fraher', 'Aaron Smith']",0
974,202007310DAL,"['Marc Davis', 'Mark Lindsay', 'Rodney Mott']",0
975,202007310MIL,"['Brent Barnaky', 'James Capers Jr.', 'Kevin Scott']",0
976,202007310POR,"['David Guthrie', 'Bill Kennedy', 'Gediminas Petraitis']",0
977,202007310SAS,"['Mark Ayotte', 'Tony Brothers', 'J.B. DeRosa']",0
978,202007310WAS,"['Sean Corbin', 'Ed Malloy', 'Leon Wood']",0
979,202008010DEN,"['Kane Fitzgerald', 'Dedric Taylor', 'James Williams']",0
980,202008010IND,"['Mitchell Ervin', 'Eric Lewis', 'Tre Maddox']",0
981,202008010LAC,"['Matt Boland', 'Ben Taylor', 'Josh Tiven']",0
982,202008010OKC,"['Tyler Ford', 'Scott Foster', 'Jacyn Goble']",0
983,202008010TOR,"['Ray Acosta', 'James Capers Jr.', 'Brian Forte']",0
984,202008020BOS,"['Marc Davis', 'Courtney Kirkland', 'Scott Twardoski']",0
985,202008020BRK,"['Mark Ayotte', 'Tony Brothers', 'Kevin Cutler']",0
986,202008020HOU,"['Tony Brown', 'Aaron Smith', 'Zach Zarba']",0
987,202008020MEM,"['Curtis Blair', 'J.T. Orr', 'Sean Wright']",0
988,202008020ORL,"['Sean Corbin', 'Karl Lane', 'Ed Malloy']",0
989,202008020PHO,"['Brent Barnaky', 'Pat Fraher', 'Kevin Scott']",0
990,202008030MIA,"['David Guthrie', 'Tre Maddox', 'Leon Wood']",0
991,202008030NOP,"['Nick Buchert', 'James Capers Jr.', 'Jacyn Goble']",0
992,202008030OKC,"['Mitchell Ervin', 'John Goble', 'Michael Smith']",0
993,202008030PHI,"['Ray Acosta', 'Mark Lindsay', 'James Williams']",0
994,202008030UTA,"['Marat Kogut', 'Eric Lewis', 'Ben Taylor']",0
995,202008030WAS,"['Derrick Collins', 'Rodney Mott', 'Dedric Taylor']",0
996,202008040IND,"['Brent Barnaky', 'J.B. DeRosa', 'Bill Kennedy']",0
997,202008040LAC,"['Curtis Blair', 'Scott Twardoski', 'Sean Wright']",0
998,202008040MIA,"['Tony Brothers', 'Brian Forte', 'Karl Lane']",0
999,202008040MIL,"['J.T. Orr', 'Gediminas Petraitis', 'Josh Tiven']",0
1000,202008040POR,"['Mark Ayotte', 'Kevin Cutler', 'Kane Fitzgerald']",0
1001,202008040SAC,"['Matt Boland', 'Tyler Ford', 'Courtney Kirkland']",0
1002,202008050BOS,"['Sean Corbin', 'David Guthrie', 'Leon Wood']",0
1003,202008050LAL,"['Derrick Collins', 'Marc Davis', 'Aaron Smith']",0
1004,202008050ORL,"['Mitchell Ervin', 'Michael Smith', 'James Williams']",0
1005,202008050SAS,"['Jacyn Goble', 'Ed Malloy', 'Kevin Scott']",0
1006,202008050UTA,"['Ray Acosta', 'Tony Brown', 'Zach Zarba']",0
1007,202008050WAS,"['Nick Buchert', 'Pat Fraher', 'Marat Kogut']",0
1008,202008060DAL,"['James Capers Jr.', 'Brian Forte', 'Gediminas Petraitis']",0
1009,202008060DEN,"['Matt Boland', 'Bill Kennedy', 'Josh Tiven']",0
1010,202008060HOU,"['Scott Foster', 'Tre Maddox', 'Dedric Taylor']",0
1011,202008060MIL,"['Tyler Ford', 'Eric Lewis', 'Scott Twardoski']",0
1012,202008060PHO,"['Kane Fitzgerald', 'Karl Lane', 'Ben Taylor']",0
1013,202008060SAC,"['J.B. DeRosa', 'John Goble', 'Mark Lindsay']",0
1014,202008070BRK,"['Ray Acosta', 'Nick Buchert', 'Sean Wright']",0
1015,202008070MEM,"['Brent Barnaky', 'Tony Brothers', 'Marat Kogut']",0
1016,202008070NOP,"['Tony Brown', 'Mitchell Ervin', 'Ed Malloy']",0
1017,202008070PHI,"['Curtis Blair', 'Kevin Cutler', 'Zach Zarba']",0
1018,202008070SAS,"['Pat Fraher', 'Aaron Smith', 'Michael Smith']",0
1019,202008070TOR,"['Kane Fitzgerald', 'Jacyn Goble', 'Kevin Scott']",0
1020,202008080DAL,"['Sean Corbin', 'J.B. DeRosa', 'David Guthrie']",0
1021,202008080DEN,"['Mark Ayotte', 'Marc Davis', 'Karl Lane']",0
1022,202008080IND,"['Courtney Kirkland', 'Josh Tiven', 'Leon Wood']",0
1023,202008080MIA,"['Mark Lindsay', 'J.T. Orr', 'James Williams']",0
1024,202008080POR,"['Derrick Collins', 'Scott Foster', 'Dedric Taylor']",0
1025,202008090BOS,"['Matt Boland', 'Tony Brown', 'Ben Taylor']",0
1026,202008090LAC,"['Tony Brothers', 'Tyler Ford', 'Aaron Smith']",0
1027,202008090NOP,"['Kane Fitzgerald', 'Brian Forte', 'Marat Kogut']",0
1028,202008090OKC,"['Ray Acosta', 'Curtis Blair', 'Kevin Scott']",0
1029,202008090POR,"['John Goble', 'Tre Maddox', 'Scott Twardoski']",0
1030,202008090SAC,"['Jacyn Goble', 'Bill Kennedy', 'Eric Lewis']",0
1031,202008090TOR,"['Kevin Cutler', 'Gediminas Petraitis', 'Sean Wright']",0
1032,202008100LAL,"['Sean Corbin', 'J.B. DeRosa', 'Zach Zarba']",0
1033,202008100MIA,"['Derrick Collins', 'Pat Fraher', 'Dedric Taylor']",0
1034,202008100MIL,"['Mark Ayotte', 'Scott Foster', 'Karl Lane']",0
1035,202008100PHO,"['Mitchell Ervin', 'Courtney Kirkland', 'Josh Tiven']",0
1036,202008100UTA,"['Mark Lindsay', 'Ed Malloy', 'Leon Wood']",0
1037,202008110DAL,"['Kane Fitzgerald', 'Marat Kogut', 'Ben Taylor']",0
1038,202008110MEM,"['Ray Acosta', 'Curtis Blair', 'Eric Lewis']",0
1039,202008110ORL,"['Brent Barnaky', 'James Capers Jr.', 'Jacyn Goble']",0
1040,202008110PHI,"['Nick Buchert', 'Marc Davis', 'Aaron Smith']",0
1041,202008110SAC,"['Tony Brothers', 'Tre Maddox', 'Scott Twardoski']",0
1042,202008110SAS,"['Tony Brown', 'John Goble', 'Gediminas Petraitis']",0
1043,202008110WAS,"['Brian Forte', 'J.T. Orr', 'James Williams']",0
1044,202008120DEN,"['John Goble', 'Courtney Kirkland', 'Mark Lindsay']",0
1045,202008120HOU,"['Sean Corbin', 'Karl Lane', 'Ed Malloy']",0
1046,202008120OKC,"['Mark Ayotte', 'Kevin Cutler', 'Sean Wright']",0
1047,202008120PHI,"['Tyler Ford', 'David Guthrie', 'Michael Smith']",0
1048,202008130BOS,"['Derrick Collins', 'Pat Fraher', 'Dedric Taylor']",0
1049,202008130BRK,"['Eric Lewis', 'J.T. Orr', 'Gediminas Petraitis']",0
1050,202008130LAL,"['Brent Barnaky', 'James Capers Jr.', 'Brian Forte']",0
1051,202008130MEM,"['Matt Boland', 'Marc Davis', 'Ben Taylor']",0
1052,202008130ORL,"['Kevin Scott', 'Josh Tiven', 'Leon Wood']",0
1053,202008130PHO,"['Bill Kennedy', 'Scott Twardoski', 'Zach Zarba']",0
1054,202008130UTA,"['Mitchell Ervin', 'Scott Foster', 'Tre Maddox']",0
1055,202008140HOU,"['Kevin Cutler', 'Kane Fitzgerald', 'Courtney Kirkland']",0
1056,202008140IND,"['Tyler Ford', 'John Goble', 'Marat Kogut']",0
1057,202008140LAC,"['Nick Buchert', 'David Guthrie', 'Michael Smith']",0
1058,202008140TOR,"['Curtis Blair', 'Tony Brothers', 'Tony Brown']",0
1059,202008150POR,"['Tony Brown', 'James Williams', 'Pat Fraher', 'James Capers']",0
1060,202008170BOS,"['Sean Corbin', 'Pat Fraher', 'Zach Zarba']",0
1061,202008170DEN,"['Curtis Blair', 'Scott Foster', 'Sean Wright']",0
1062,202008170LAC,"['Mark Ayotte', 'Kane Fitzgerald', 'Eric Lewis']",0
1063,202008170TOR,"['Tony Brown', 'John Goble', 'Leon Wood']",0
1064,202008180HOU,"['James Capers Jr.', 'Derrick Collins', 'Josh Tiven']",0
1065,202008180IND,"['Tyler Ford', 'David Guthrie', 'Ed Malloy']",0
1066,202008180LAL,"['Marc Davis', 'Tre Maddox', 'James Williams']",0
1067,202008180MIL,"['Tony Brothers', 'Bill Kennedy', 'Ben Taylor']",0
1068,202008190BOS,"['Curtis Blair', 'Tony Brown', 'John Goble']",0
1069,202008190DEN,"['Pat Fraher', 'Michael Smith', 'Zach Zarba']",0
1070,202008190LAC,"['Scott Foster', 'Courtney Kirkland', 'Sean Wright']",0
1071,202008190TOR,"['Sean Corbin', 'Kane Fitzgerald', 'Brian Forte']",0
1072,202008200HOU,"['Marc Davis', 'Gediminas Petraitis', 'Kevin Scott']",0
1073,202008200IND,"['James Capers Jr.', 'Derrick Collins', 'Josh Tiven']",0
1074,202008200LAL,"['Tony Brothers', 'Bill Kennedy', 'Dedric Taylor']",0
1075,202008200MIL,"['David Guthrie', 'Tre Maddox', 'James Williams']",0
1076,202008210BRK,"['Kevin Cutler', 'Pat Fraher', 'Zach Zarba']",0
1077,202008210DAL,"['Curtis Blair', 'Tony Brown', 'John Goble']",0
1078,202008210PHI,"['Scott Foster', 'Courtney Kirkland', 'Sean Wright']",0
1079,202008210UTA,"['Nick Buchert', 'Kane Fitzgerald', 'Tyler Ford', 'Eric Lewis']",0
1080,202008220MIA,"['Tony Brothers', 'Tre Maddox', 'Ben Taylor']",0
1081,202008220OKC,"['David Guthrie', 'Ed Malloy', 'Leon Wood']",0
1082,202008220ORL,"['Marc Davis', 'Kevin Scott', 'Michael Smith']",0
1083,202008220POR,"['Mark Ayotte', 'James Capers Jr.', 'Josh Tiven']",0
1084,202008230BRK,"['Derrick Collins', 'Scott Foster', 'Rodney Mott']",0
1085,202008230DAL,"['Kevin Cutler', 'James Williams', 'Zach Zarba']",0
1086,202008230PHI,"['Kane Fitzgerald', 'Eric Lewis', 'Dedric Taylor']",0
1087,202008230UTA,"['Sean Corbin', 'Brian Forte', 'John Goble']",0
1088,202008240MIA,"['Marc Davis', 'Gediminas Petraitis', 'Kevin Scott']",0
1089,202008240OKC,"['Tony Brothers', 'Tyler Ford', 'Bill Kennedy']",0
1090,202008240ORL,"['James Capers Jr.', 'Courtney Kirkland', 'Ed Malloy']",0
1091,202008240POR,"['David Guthrie', 'Rodney Mott', 'Ben Taylor']",0
1092,202008250DEN,"['Tony Brown', 'Scott Foster', 'James Williams']",0
1093,202008250LAC,"['Kane Fitzgerald', 'Pat Fraher', 'Tre Maddox']",0
1094,202008290HOU,"['James Capers Jr.', 'Eric Lewis', 'Rodney Mott']",0
1095,202008290LAL,"['Curtis Blair', 'Marc Davis', 'Kevin Scott']",0
1096,202008290MIL,"['Tony Brothers', 'Derrick Collins', 'Tyler Ford', 'Josh Tiven']",0
1097,202008300DAL,"['Sean Corbin', 'Scott Foster', 'Bill Kennedy']",0
1098,202008300TOR,"['John Goble', 'Ed Malloy', 'James Williams']",0
1099,202008300UTA,"['Courtney Kirkland', 'Sean Wright', 'Zach Zarba']",0
1100,202008310MIL,"['Kane Fitzgerald', 'Eric Lewis', 'Rodney Mott']",0
1101,202008310OKC,"['Marc Davis', 'Kevin Scott', 'Josh Tiven']",0
1102,202009010DEN,"['James Capers Jr.', 'David Guthrie', 'Bill Kennedy', 'Ed Malloy']",0
1103,202009010TOR,"['Tony Brothers', 'Sean Corbin', 'Zach Zarba']",0
1104,202009020HOU,"['Tony Brown', 'Scott Foster', 'Pat Fraher']",0
1105,202009020MIL,"['Marc Davis', 'Kevin Scott', 'Sean Wright']",0
1106,202009030BOS,"['James Capers Jr.', 'Rodney Mott', 'Josh Tiven']",0
1107,202009030LAC,"['Eric Lewis', 'James Williams', 'Zach Zarba']",0
1108,202009040LAL,"['Kane Fitzgerald', 'Ben Taylor', 'Sean Wright']",0
1109,202009040MIA,"['Sean Corbin', 'Scott Foster', 'David Guthrie']",0
1110,202009050BOS,"['Marc Davis', 'Bill Kennedy', 'Kevin Scott']",0
1111,202009050LAC,"['James Capers Jr.', 'Pat Fraher', 'Tre Maddox']",0
1112,202009060LAL,"['Curtis Blair', 'Scott Foster', 'Josh Tiven']",0
1113,202009060MIA,"['Tony Brothers', 'Tyler Ford', 'Zach Zarba']",0
1114,202009070DEN,"['Tony Brown', 'John Goble', 'Ed Malloy']",0
1115,202009070TOR,"['Kane Fitzgerald', 'Courtney Kirkland', 'Eric Lewis']",0
1116,202009080HOU,"['Marc Davis', 'Pat Fraher', 'Tre Maddox']",0
1117,202009080MIL,"['James Capers Jr.', 'Rodney Mott', 'Josh Tiven']",0
1118,202009090BOS,"['Tony Brothers', 'John Goble', 'Sean Wright']",0
1119,202009090DEN,"['Scott Foster', 'David Guthrie', 'Bill Kennedy']",0
1120,202009100HOU,"['Tony Brown', 'James Capers Jr.', 'Courtney Kirkland']",0
1121,202009110LAC,"['Tony Brothers', 'Marc Davis', 'Kevin Scott']",0
1122,202009110TOR,"['Scott Foster', 'David Guthrie', 'Zach Zarba']",0
1123,202009120LAL,"['John Goble', 'Bill Kennedy', 'Eric Lewis']",0
1124,202009130DEN,"['Kane Fitzgerald', 'Tre Maddox', 'Josh Tiven']",0
1125,202009150BOS,"['Marc Davis', 'Kane Fitzgerald', 'Sean Wright']",0
1126,202009150LAC,"['James Capers Jr.', 'John Goble', 'Eric Lewis']",0
1127,202009170BOS,"['Tony Brown', 'James Capers Jr.', 'David Guthrie']",0
1128,202009180LAL,"['Tony Brothers', 'Scott Foster', 'Courtney Kirkland']",0
1129,202009190MIA,"['Pat Fraher', 'Eric Lewis', 'Zach Zarba']",0
1130,202009200LAL,"['John Goble', 'Bill Kennedy', 'Josh Tiven']",0
1131,202009220DEN,"['Marc Davis', 'Kane Fitzgerald', 'Kevin Scott']",0
1132,202009230MIA,"['Tony Brothers', 'Scott Foster', 'Tre Maddox']",0
1133,202009240DEN,"['James Capers Jr.', 'David Guthrie', 'Rodney Mott']",0
1134,202009250BOS,"['John Goble', 'Kevin Scott', 'Josh Tiven']",0
1135,202009260LAL,"['Tony Brown', 'Eric Lewis', 'Zach Zarba']",0
1136,202009270MIA,"['Marc Davis', 'Kane Fitzgerald', 'Pat Fraher']",0
1137,202009300LAL,"['Marc Davis', 'Kane Fitzgerald', 'Josh Tiven']",0
1138,202010020LAL,"['James Capers Jr.', 'David Guthrie', 'Eric Lewis']",0
1139,202010040MIA,"['Tony Brothers', 'Scott Foster', 'Pat Fraher']",0
1140,202010060MIA,"['Tony Brown', 'John Goble', 'Zach Zarba']",0
1141,202010090LAL,"['Marc Davis', 'Kane Fitzgerald', 'Eric Lewis']",0
1142,202010110MIA,"['Tony Brothers', 'James Capers Jr.', 'David Guthrie']",0
